Seller Id,Warehouse Id,Store Order Id,Order Release Id,Order Line Id,Seller Order Id,Order Id FK,Created On,Style ID,Seller SKU Code,SKU Id,Myntra SKU Code,Quantity,Size,Vendor Article Number,Brand,Style Name,Article Type,Order Status,Packet Id,Seller Packe Id,Courier Code,Order Tracking Number,Seller Warehouse Id,Cancellation Reason Id Fk,Cancellation Reason,Packed On,FMPU date,Inscanned On,Shipped On,Delivered On,Cancelled On,RTO Creation date,Lost date,Return Creation date,Final Amount,Total Mrp,Discount,Coupon Discount,Shipping Charge,Gift Charge,Tax Recovery,City,State,Zipcode
18500,29954,'125638576564281092203,7749510614,9749488352,afff979d-634d-499e-a51a-65276f314760,5093698237,46:35.0,22062266,N_YS31_Red,69777012,AHAASARS69777012,1,Onesize,N_YS31_Red,AA-HA!!,AA-HA!! Ethnic Motifs Woven Design Zari Pure Silk Saree,Sarees,C,7749510614,1376685841,flipkartlogistics,MYSC1048307913,29954,,,02:47.0,,34:15.0,39:26.0,47:06.0,,,,,782,2899,2117,0,0,0,0,Thane,MH,400614
18500,29954,'125798964362734630803,7771075762,9771053599,9cb6e369-f157-435f-84e8-61bbc0cbcbf1,5105245592,17:52.0,23231234,S_SD33 Rama,73991086,DIVISARS73991086,1,Onesize,S_SD33 Rama,DIVASTRI,DIVASTRI Floral Woven Design Zari Banarasi Saree,Sarees,C,7771075762,1384423865,flipkartlogistics,MYSP1065638746,29954,,,51:43.0,,56:47.0,03:56.0,58:30.0,,,,1/31/2024 15:35,948,4991,4043,83,0,0,0,Thane,MH,421204
18500,29954,'125738184215167353903,7763521947,9763499707,0baa4945-4892-4dd5-bdff-b99e3aa1443e,5101145633,27:50.0,22062270,N_YS31_NBlue,69777016,AHAASARS69777016,1,Onesize,N_YS31_NBlue,AA-HA!!,AA-HA!! Floral Woven Design Zari Pure Silk Saree,Sarees,C,7763521947,1381807504,flipkartlogistics,MYSP1063217173,29954,,,45:23.0,,34:42.0,42:41.0,18:26.0,,,,,898,2899,2001,0,0,0,0,Ahmed Nagar,MH,414103
18500,29954,'125638576564281092203,7749510608,9749488346,d6f08326-db58-4f72-88ad-c04e5d49a21a,5093698237,46:34.0,22062264,N_YS31_BGreen,69777010,AHAASARS69777010,1,Onesize,N_YS31_BGreen,AA-HA!!,AA-HA!! Ethnic Motifs Woven Design Zari Pure Silk Saree,Sarees,C,7749510608,1376691142,flipkartlogistics,MYSC1048309537,29954,,,09:02.0,,42:43.0,47:57.0,47:06.0,,,,,782,2899,2117,0,0,0,0,Thane,MH,400614
18500,29954,'125769803078659112503,7767772009,9767749785,8d624985-59c5-44c8-8e43-b85b46d7ba1e,5103351335,17:39.0,21131846,Marigold_Orange.,66333980,AHAASARS66333980,1,Onesize,Marigold_Orange.,AA-HA!!,AA-HA Ethnic Motifs Zari Silk Cotton Banarasi Saree,Sarees,F,,,flipkartlogistics,,29954,45,Wants to change style/color,,,,,,33:01.0,,,,3299,19999,16400,300,0,0,0,Suryapet,TG,508213
18500,29954,'125729296395237456903,7762250905,9762228665,b0562e3d-98b9-443b-bad3-a033c046b565,5100469162,46:32.0,20755036,Pal1243_Wine_M,65019412,AHAAKASS65019412,1,M,Pal1243_Wine,AA-HA!!,AA-HA!! Women Burgundy Kurta with Trousers  With Dupatta,Kurta Sets,C,7762250905,1381367146,flipkartlogistics,MYSC1051150742,29954,,,58:21.0,,03:27.0,10:14.0,08:52.0,,,,1/22/2024 19:42,1099,4999,3900,0,0,0,0,Gurgaon,HR,122001
18500,29954,'125673660863744032503,7754138503,9754116250,183926be-65da-4e6b-8a07-9cc0b9aa97c4,5096244303,13:57.0,21131862,D198_Hot Pink.,66333996,AHAASARS66333996,1,Onesize,D198_Hot Pink.,AA-HA!!,AA-HA Woven Design Zari Paithani Saree,Sarees,RTO,7754138503,1378379193,flipkartlogistics,MYSC1049315268,29954,37,RTO Cancellation,01:45.0,,57:33.0,02:45.0,,01:25.0,1/17/2024 19:01,,,1115,6199,5084,0,0,0,0,Allahabad,UP,212503
18500,29954,'125644180309576054903,7750516345,9750494086,116c51a7-67ed-4364-8c88-0ba6378880ea,5094265008,20:31.0,25334348,Yukti_Orange,81657994,DIVISARS81657994,1,Pack,Yukti_Orange,DIVASTRI,DIVASTRI Ethnic Motifs Woven Design Zari Paithani Saree,Sarees,C,7750516345,1377487291,flipkartlogistics,MYSC1048773145,29954,,,52:10.0,,14:39.0,20:34.0,47:25.0,,,,,1019,2999,1980,102,0,0,0,Khammam,TG,507001
18500,29954,'125659839272415858301,7752583488,9752561234,ee72e8a7-fc59-427c-af3b-3b4d71b6dc05,5095380398,50:21.0,25316734,Sanskriti Pblu,81598792,DIVISARS81598792,1,Pack,Sanskriti Pblu,DIVASTRI,DIVASTRI Ethnic Motifs Woven Design Zari Paithani Saree,Sarees,C,7752583488,1377955348,flipkartlogistics,MYSP1059759271,29954,,,57:25.0,,19:19.0,25:46.0,32:12.0,,,,,996,3435,2439,0,0,0,0,Kalyan,MH,421301
18500,29954,'125652633716583908101,7751737269,9751715014,b54e11bb-7674-4125-82aa-cf3d1d293022,5094921091,49:25.0,24361744,Sanskriti_Red,78153956,DIVISARS78153956,1,Pack,Sanskriti_Red,DIVASTRI,DIVASTRI Ethnic Motifs Woven Design Zari Paithani Saree,Sarees,C,7751737269,1377484803,flipkartlogistics,MYSP1059319285,29954,,,47:49.0,,23:48.0,29:15.0,50:38.0,,,,,882,3675,2793,0,0,0,0,Mumbai,MH,400022
18500,29954,'125829821735251649401,7774006011,9773983881,6c8be853-f365-445d-aaa6-4f135dd04a16,5106930531,00:46.0,24361748,Sakshi_Pink,78153960,DIVISARS78153960,1,Pack,Sakshi_Pink,DIVASTRI,DIVASTRI Woven Design Zari Paithani Saree,Sarees,C,7774006011,1385582171,flipkartlogistics,MYSC1053781697,29954,,,54:11.0,,30:35.0,35:13.0,23:41.0,,,,,1065,3675,2610,0,0,0,0,Nagpur,MH,440002
18500,29954,'125816328473684327003,7772806074,9772783920,f5bc1599-1187-454b-af07-5d7e6106ba08,5106266096,31:54.0,24361746,Sakshi_PBlue,78153958,DIVISARS78153958,1,Pack,Sakshi_PBlue,DIVASTRI,DIVASTRI Woven Design Zari Paithani Saree,Sarees,C,7772806074,1384921902,flipkartlogistics,MYSP1066044577,29954,,,43:24.0,,02:24.0,09:54.0,33:56.0,,,,,1065,3675,2610,0,0,0,0,Belgaum,KA,590006
18500,29954,'125617792087114315203,7746993411,9746971147,aa56950a-2c12-43e4-85ee-9ae694d680b0,5092326776,02:30.0,21131848,D325_Hot Pink.,66333982,AHAASARS66333982,1,Onesize,D325_Hot Pink.,AA-HA!!,AA-HA Ethnic Motifs Zari Paithani Saree,Sarees,C,7746993411,1375886513,flipkartlogistics,MYSP1057931862,29954,,,52:17.0,,22:35.0,27:10.0,20:58.0,,,,,1115,6199,5084,0,0,0,0,Kolkata,WB,700034
18500,29954,'125659238547485383003,7752486199,9752463944,097e8fce-75fc-4a34-b1e9-aef02bccab86,5095322125,10:13.0,23461596,DVS HP Red,74837740,DIVISARS74837740,1,Onesize,DVS HP Red,DIVASTRI,DIVASTRI Ethnic Motifs Woven Design Zari Silk Cotton Banarasi Saree,Sarees,C,7752486199,1377956911,flipkartlogistics,MYSC1049057209,29954,,,00:29.0,,06:52.0,11:35.0,09:48.0,,,,1/13/2024 15:35,1199,7495,6296,0,0,0,0,Lucknow,UP,226012
18500,29954,'125857031386667151801,7776817798,9776795701,4f738b62-884d-4fb7-9df8-d03eb481fc23,5108527596,35:45.0,23231230,S_SD33 Wine,73991082,DIVISARS73991082,1,Onesize,S_SD33 Wine,DIVASTRI,DIVASTRI Floral Woven Design Zari Banarasi Saree,Sarees,SH,7776817798,1386520818,flipkartlogistics,MYSP1067562705,29954,,,00:41.0,,40:02.0,45:53.0,,,,,,948,4991,4043,0,0,0,0,Patiala,PB,147001
18500,29954,'125696288557585454301,7757285148,9757262901,61f29e4f-d1ba-40f1-be6b-c5f80d739565,5097934553,05:14.0,22062264,N_YS31_BGreen,69777010,AHAASARS69777010,1,Onesize,N_YS31_BGreen,AA-HA!!,AA-HA!! Ethnic Motifs Woven Design Zari Pure Silk Saree,Sarees,C,7757285148,1379489629,flipkartlogistics,MYSP1061166961,29954,,,50:34.0,,03:16.0,10:23.0,47:08.0,,,,1/18/2024 18:13,2870,2899,29,211,0,0,0,Bhopal,MP,462023
18500,29954,'125738184215167353903,7763521948,9763499708,146bfb3e-22dc-443b-89ee-9a49b142c6c7,5101145633,27:51.0,22062264,N_YS31_BGreen,69777010,AHAASARS69777010,1,Onesize,N_YS31_BGreen,AA-HA!!,AA-HA!! Ethnic Motifs Woven Design Zari Pure Silk Saree,Sarees,C,7763521948,1381805991,flipkartlogistics,MYSP1063218299,29954,,,44:48.0,,34:41.0,42:40.0,18:26.0,,,,,898,2899,2001,135,0,0,0,Ahmed Nagar,MH,414103
18500,29954,'125857031386667151801,7776817795,9776795699,bb7fd792-951e-478e-b228-129fa01adcc9,5108527596,35:45.0,23231230,S_SD33 Wine,73991082,DIVISARS73991082,1,Onesize,S_SD33 Wine,DIVASTRI,DIVASTRI Floral Woven Design Zari Banarasi Saree,Sarees,SH,7776817795,1386520119,flipkartlogistics,MYSP1067562093,29954,,,59:43.0,,39:26.0,45:39.0,,,,,,948,4991,4043,0,0,0,0,Patiala,PB,147001
18500,29954,'125641572270746215401,7749978856,9749956595,9afbc478-98de-4016-a7ac-cfe6bfe14be6,5093961642,05:51.0,20035416,CRPT01 PISTA - M,62466660,AHAAKASS62466660,1,M,CRPT01 PISTA,AA-HA!!,AA-HA Women Ethnic Motifs Printed Top with Palazzo Set,Kurta Sets,C,7749978856,1377484810,flipkartlogistics,MYSP1059319010,29954,,,48:18.0,,22:59.0,29:12.0,51:58.0,,,,1/16/2024 18:19,999,999,0,0,0,0,0,Bengaluru,KA,560103
18500,29954,'125640168286573459501,7749717232,9749694970,9cffeddf-9ff5-4398-b30d-ac307e4a8a4f,5093813841,11:51.0,26416742,S_Bhumi_Black,85356192,AHAASARS85356192,1,Onesize,S_Bhumi_Black,AA-HA!!,AA-HA!!  Woven Design Zari Paithani Saree,Sarees,C,7749717232,1377487293,flipkartlogistics,MYSP1059320260,29954,,,51:18.0,,24:27.0,30:37.0,31:21.0,,,,1/13/2024 13:10,6500,6500,0,0,0,0,0,Chandrapur,MH,442401
18500,29954,'125840774564140895501,7775174968,9775152852,a7ce8e33-b279-4e0b-9d14-ed8d9a5b3d0d,5107592554,26:14.0,22062240,N_VML_Nblue,69776986,AHAASARS69776986,1,Onesize,N_VML_Nblue,AA-HA!!,AA-HA!! Ethnic Motifs Woven Design Zari Pure Silk Saree,Sarees,SH,7775174968,1385892996,flipkartlogistics,MYSP1066992708,29954,,,43:26.0,,07:29.0,14:44.0,,,,,,1043,2899,1856,0,0,0,0,Coimbatore,TN,642001
18500,29954,'125720379723183269403,7760973118,9760950877,338017d9-c5a9-4b0d-8dfb-7cc279367817,5099796172,00:25.0,24361740,Sanvi_Blue,78153952,DIVISARS78153952,1,Pack,Sanvi_Blue,DIVASTRI,DIVASTRI Woven Design Zari Paithani Saree,Sarees,C,7760973118,1380911633,flipkartlogistics,MYSP1062373537,29954,,,41:14.0,,57:49.0,02:39.0,56:06.0,,,,,865.5,3937.5,3072,0,0,0,0,"North east delhi,",DL,110053
18500,29954,'125744768805405278303,7764427790,9764405551,aa557fa7-f9a7-4a64-be7a-195421b5f748,5101597377,45:17.0,22062236,N_Punam 2_Rani,69776982,AHAASARS69776982,1,Onesize,N_Punam 2_Rani,AA-HA!!,AA-HA!! Ethnic Motifs Woven Design Zari Pure Silk Saree,Sarees,F,,,flipkartlogistics,,29954,44,Ordered By Mistake,,,,,,44:48.0,,,,1147,2899,1624,128,0,0,0,Lucknow,UP,226201
18500,29954,'125613211264137565101,7746150862,9746128598,52363304-920f-47ce-befd-5c7b81306fc1,5091863113,19:01.0,24361762,Sanskriti_Pink,78153974,DIVISARS78153974,1,Pack,Sanskriti_Pink,DIVASTRI,DIVASTRI Geometric Woven Design Zari Paithani Saree,Sarees,RTO,7746150862,1375513065,flipkartlogistics,MYSC1047595445,29954,37,RTO Cancellation,53:19.0,,13:08.0,18:00.0,,46:20.0,01-07-2024 22:46,,,992,3675,2683,0,0,0,0,Pune,MH,412105
18500,29954,'125600888707480541701,7744754265,9744731997,69cb546f-fd81-4ec8-83e9-0300b92db1bc,5091116408,05:16.0,21131878,D325_Jamun.,66334012,AHAASARS66334012,1,Onesize,D325_Jamun.,AA-HA!!,AA-HA Ethnic Motifs Zari Paithani Saree,Sarees,C,7744754265,1375046967,flipkartlogistics,MYSP1057303937,29954,,,07:27.0,,12:52.0,19:50.0,57:00.0,,,,,1177,6199,5022,0,0,0,0,Ongole,AP,523001
18500,29954,'125815020613215720401,7772619608,9772597453,190148de-8237-4c26-8dfc-72218758465f,5106158621,53:56.0,21131916,RajaRani_NBL.,66334050,AHAASARS66334050,1,Onesize,RajaRani_NBL.,AA-HA!!,AA-HA Ethnic Motifs Zari Silk Cotton Patola Saree,Sarees,C,7772619608,1384921904,flipkartlogistics,MYSP1066045891,29954,,,45:59.0,,01:24.0,06:18.0,31:19.0,,,,,3059,17999,14940,0,0,0,0,Bangalore,KA,560023
18500,29954,'125761292634964442101,7766658089,9766635859,2ffa17c2-d39b-4749-860d-bce228634b95,5102777241,39:16.0,20755032,Pal1243_NBL_M,65019396,AHAAKASS65019396,1,M,Pal1243_NBL,AA-HA!!,AA-HA!! Women Navy Blue Kurta with Trousers  With Dupatta,Kurta Sets,C,7766658089,1383453820,flipkartlogistics,MYSP1064704749,29954,,,54:06.0,,12:45.0,19:19.0,06:31.0,,,,1/27/2024 8:46,1214,4999,3650,135,0,0,0,BANGALORE,KA,560032
18500,29954,'125700603905314111501,7757721670,9757699423,885e3f8d-22bc-46f2-b3b2-1e1a93afec3b,5098144273,04:27.0,24361762,Sanskriti_Pink,78153974,DIVISARS78153974,1,Pack,Sanskriti_Pink,DIVASTRI,DIVASTRI Geometric Woven Design Zari Paithani Saree,Sarees,C,7757721670,1380494890,flipkartlogistics,MYSP1061991135,29954,,,33:36.0,,19:26.0,25:37.0,49:30.0,,,,1/17/2024 23:36,882,3675,2793,0,0,0,0,Mumbai,MH,400097
18500,29954,'125753159070743298703,7765678191,9765655952,f34610b1-9563-478f-8392-82d56c2e9f16,5102237863,03:39.0,24361740,Sanvi_Blue,78153952,DIVISARS78153952,1,Pack,Sanvi_Blue,DIVASTRI,DIVASTRI Woven Design Zari Paithani Saree,Sarees,C,7765678191,1382698859,flipkartlogistics,MYSP1064042640,29954,,,03:09.0,,19:43.0,25:14.0,46:38.0,,,,,1062.5,3937.5,2875,107,0,0,0,Pune,MH,411045
18500,29954,'125609740980318573601,7745939383,9745917117,0b72f768-3532-4d06-b932-cc272f331ddd,5091761072,40:38.0,24361740,Sanvi_Blue,78153952,DIVISARS78153952,1,Pack,Sanvi_Blue,DIVASTRI,DIVASTRI Woven Design Zari Paithani Saree,Sarees,RTO,7745939383,1375462359,flipkartlogistics,MYSC1047570515,29954,37,RTO Cancellation,55:51.0,,13:10.0,18:56.0,,13:33.0,01-10-2024 21:13,,,983.5,3937.5,2954,0,0,0,0,Sangli,MH,415304
18500,29954,'125626289549488191401,7748122172,9748099908,2da04bef-a248-4932-a2f5-6a023f4dac4d,5092937314,38:43.0,23056406,HP_Green,73331290,AHAASARS73331290,1,Onesize,HP_Green,AA-HA!!,AA-HA!! Geometric Motif Woven Design Zari Pure Silk Patola Saree,Sarees,F,,,flipkartlogistics,,29954,42,Product not required anymore,,,,,,47:10.0,,,,1231,5130,3899,0,0,0,0,Porbandar,GJ,360575
18500,29954,'125756736982816475703,7766286884,9766264649,ffc44712-91f1-49a2-98db-70c98517c353,5102586305,59:58.0,22062264,N_YS31_BGreen,69777010,AHAASARS69777010,1,Onesize,N_YS31_BGreen,AA-HA!!,AA-HA!! Ethnic Motifs Woven Design Zari Pure Silk Saree,Sarees,C,7766286884,1382700603,flipkartlogistics,MYSC1051983836,29954,,,06:28.0,,19:20.0,25:14.0,50:14.0,,,,1/25/2024 9:53,1043,2899,1856,157,0,0,0,Modinagar,UP,201204
18500,29954,'125625581461193425101,7747976976,9747954712,014568a3-40c6-4317-bda7-8eaa75b5b726,5092855188,40:43.0,24361744,Sanskriti_Red,78153956,DIVISARS78153956,1,Pack,Sanskriti_Red,DIVASTRI,DIVASTRI Ethnic Motifs Woven Design Zari Paithani Saree,Sarees,C,7747976976,1376310487,flipkartlogistics,MYSP1058269179,29954,,,54:34.0,,18:59.0,24:25.0,23:30.0,,,,,992,3675,2683,0,0,0,0,Mumbai,MH,400075
18500,29954,'125806569347629658901,7771773817,9771751691,21b34192-47fd-4275-9641-57613edee41e,5105672767,25:22.0,25334506,Meghini_Mehendi,81658152,DIVISARS81658152,1,Pack,Meghini_Mehendi,DIVASTRI,DIVASTRI Floral Printed Kota Saree,Sarees,SH,7771773817,1384924073,flipkartlogistics,MYSP1066045166,29954,,,48:43.0,,13:20.0,19:55.0,,,,,,819,1999,1180,0,0,0,0,Udalguri,AS,784521
18500,29954,'125650009893729211803,7751169691,9751147435,98c97d13-40ba-40dd-945a-b15edf19016e,5094612894,32:08.0,23282448,Kyara_Black,74181932,DIVISARS74181932,1,Onesize,Kyara_Black,DIVASTRI,DIVASTRI Ethnic Motifs Woven Design Zari Silk Cotton Banarasi Saree,Sarees,C,7751169691,1377484812,flipkartlogistics,MYSP1059318026,29954,,,46:17.0,,23:50.0,29:10.0,00:41.0,,,,1/15/2024 14:10,966,6900,5934,0,0,0,0,Pune,MH,411027
18500,29954,'125638576564281092203,7749510612,9749488350,d11e93c9-2aa2-44d1-af2f-d97dfe5cb703,5093698237,46:35.0,22062264,N_YS31_BGreen,69777010,AHAASARS69777010,1,Onesize,N_YS31_BGreen,AA-HA!!,AA-HA!! Ethnic Motifs Woven Design Zari Pure Silk Saree,Sarees,C,7749510612,1376687891,flipkartlogistics,MYSC1048309088,29954,,,06:23.0,,15:31.0,20:54.0,46:54.0,,,,,782,2899,2117,0,0,0,0,Thane,MH,400614
18500,29954,'125638576564281092203,7749510618,9749488356,6eb5c0fa-6e8c-4f90-b5e9-58cdbafffb4c,5093698237,46:35.0,22062266,N_YS31_Red,69777012,AHAASARS69777012,1,Onesize,N_YS31_Red,AA-HA!!,AA-HA!! Ethnic Motifs Woven Design Zari Pure Silk Saree,Sarees,C,7749510618,1376685548,flipkartlogistics,MYSC1048308996,29954,,,02:25.0,,42:42.0,47:41.0,46:56.0,,,,,782,2899,2117,0,0,0,0,Thane,MH,400614
18500,29954,'125599567976642131201,7744546123,9744523855,8f8e3a95-2129-4882-85c0-17c989b8e4b0,5090997493,25:09.0,21131920,D198_Blue.,66334054,AHAASARS66334054,1,Onesize,D198_Blue.,AA-HA!!,AA-HA Woven Design Paithani Saree,Sarees,F,7744546123,1375041501,flipkartlogistics,MYSP1057300831,29954,34,Wants to change style/color,01:13.0,,51:12.0,57:50.0,,30:40.0,,,,1177,6199,5022,0,0,0,0,Bengaluru,KA,560066
18500,29954,'125662379419613525003,7753036539,9753014285,0263630a-f79a-41ed-9496-4f1e8657d91d,5095623711,53:42.0,23282448,Kyara_Black,74181932,DIVISARS74181932,1,Onesize,Kyara_Black,DIVASTRI,DIVASTRI Ethnic Motifs Woven Design Zari Silk Cotton Banarasi Saree,Sarees,C,7753036539,1377955349,flipkartlogistics,MYSP1059759503,29954,,,57:04.0,,24:00.0,29:57.0,59:26.0,,,,,1173,6900,5727,0,0,0,0,Thane,MH,400610
18500,29954,'125739344847172646003,7763802306,9763780067,5b35056e-b28a-44d1-91fc-8523493652ae,5101289396,41:16.0,24361740,Sanvi_Blue,78153952,DIVISARS78153952,1,Pack,Sanvi_Blue,DIVASTRI,DIVASTRI Woven Design Zari Paithani Saree,Sarees,C,7763802306,1381805990,flipkartlogistics,MYSC1051432114,29954,,,45:45.0,,48:36.0,54:21.0,43:13.0,,,,,865.5,3937.5,3072,0,0,0,0,Tiswadi,GA,403202
18500,29954,'125788311915443974503,7769961889,9769939688,2edb2519-463d-44b8-9dd6-82ecb8e3e4f9,5104567549,42:27.0,20755032,Pal1243_NBL_L,65019398,AHAAKASS65019398,1,L,Pal1243_NBL,AA-HA!!,AA-HA!! Women Navy Blue Kurta with Trousers  With Dupatta,Kurta Sets,C,7769961889,1384137451,flipkartlogistics,MYSC1052873254,29954,,,52:09.0,,40:09.0,46:56.0,19:33.0,,,,1/27/2024 12:05,1249,4999,3750,0,0,0,0,Mumbai,MH,400088
18500,29954,'125710821136126901603,7759543202,9759520958,f3914ce8-90c8-4234-8644-b7baa4bb0457,5099063713,27:19.0,20117362,AKIRA VISCOSE_LAVENDER,62770840,AHAASARS62770840,1,Onesize,AKIRA VISCOSE_LAVENDER,AA-HA!!,AA-HA Lavender Floral Printed Sequinned Organza Saree,Sarees,C,7759543202,1380494880,flipkartlogistics,MYSP1061989974,29954,,,34:03.0,,43:01.0,29:14.0,28:56.0,,,,,2174,2499,325,0,0,0,0,Faizabad,UP,224001
18500,29954,'125795922724481862203,7770679604,9770657417,e3003f63-7302-427f-88b1-2e8685f9706e,5104995099,50:56.0,25316732,MorPat Grey,81598790,DIVISARS81598790,1,Pack,MorPat Grey,DIVASTRI,DIVASTRI Ethnic Motifs Printed Zari Patola Saree,Sarees,C,7770679604,1384423864,flipkartlogistics,MYSP1065637184,29954,,,51:26.0,,59:14.0,05:31.0,32:06.0,,,,1/27/2024 17:47,993,4969,3976,0,0,0,0,Mumbai,MH,400701
18500,29954,'125761432219297962201,7766686983,9766664753,eed1ebb6-f20e-4dfd-a602-35567fdf48fa,5102791794,02:30.0,25316734,Sanskriti Pblu,81598792,DIVISARS81598792,1,Pack,Sanskriti Pblu,DIVASTRI,DIVASTRI Ethnic Motifs Woven Design Zari Paithani Saree,Sarees,C,7766686983,1383457014,DE,1.32E+11,29954,,,58:05.0,24:11.0,49:37.0,55:19.0,44:58.0,,,,,1064,3435,2371,200,0,0,0,Shahgarh,MP,471313
18500,29954,'125684338910360964503,7755359036,9755336787,1111b582-0311-4735-b048-8aa57fa2b45c,5096924774,53:38.0,22062264,N_YS31_BGreen,69777010,AHAASARS69777010,1,Onesize,N_YS31_BGreen,AA-HA!!,AA-HA!! Ethnic Motifs Woven Design Zari Pure Silk Saree,Sarees,C,7755359036,1379005481,flipkartlogistics,MYSP1060781605,29954,,,45:59.0,,59:24.0,05:00.0,15:09.0,,,,,898,2899,2001,71,0,0,0,Hyderabad,TG,500084
18500,29954,'125636043625119553503,7749410229,9749387967,66d081cd-00ba-4542-97b0-b1f55b348830,5093649545,44:25.0,20755024,SKD 7_Rama M,65019364,AHAAKASS65019364,1,M,SKD 7_Rama,AA-HA!!,AA-HA!! Women Teal Floral Embroidered Sequinned Kurta with Trousers  Dupatta,Kurta Sets,C,7749410229,1376691879,flipkartlogistics,MYSP1058623437,29954,,,12:10.0,,35:46.0,43:16.0,10:28.0,,,,,1249,4999,3750,0,0,0,0,Allahabad,UP,211003
18500,29954,'125635686178813512601,7749353960,9749331698,fa397fc3-18d5-45a9-ad1b-5d5918c0d460,5093621336,44:51.0,22062274,N_Punam 2_Yellow,69777020,AHAASARS69777020,1,Onesize,N_Punam 2_Yellow,AA-HA!!,AA-HA!! Woven Design Zari Pure Silk Saree,Sarees,C,7749353960,1376684440,flipkartlogistics,MYSP1058622217,29954,,,10:07.0,,34:12.0,39:49.0,35:54.0,,,,,782,2899,2117,0,0,0,0,Bangalore,KA,560100
18500,29954,'125669364442739813401,7753767366,9753745113,e49f5ad6-322f-4c56-8f0d-efe2c3aa91f9,5096048009,17:53.0,23282448,Kyara_Black,74181932,DIVISARS74181932,1,Onesize,Kyara_Black,DIVASTRI,DIVASTRI Ethnic Motifs Woven Design Zari Silk Cotton Banarasi Saree,Sarees,C,7753767366,1378335058,flipkartlogistics,MYSC1049290537,29954,,,10:15.0,,04:06.0,09:49.0,45:19.0,,,,,1173,6900,5727,0,0,0,0,Bangalore,KA,560076
18500,29954,'125807456263445128501,7771893105,9771870929,e6a43ba1-167a-48c8-b82a-b1f06093a5d2,5105748537,53:12.0,25316718,Marvel17 Bgr,81598774,DIVISARS81598774,1,Pack,Marvel17 Bgr,DIVASTRI,DIVASTRI Ethnic Motifs Woven Design Zari Banarasi Saree,Sarees,C,7771893105,1384921903,flipkartlogistics,MYSP1066046091,29954,,,46:14.0,,01:43.0,08:42.0,58:27.0,,,,,1215,4500,3285,0,0,0,0,Pune,MH,411014
18500,29954,'125650714257305493101,7751305005,9751282750,76db7fda-b1c0-4014-8a23-d1da73f08b02,5094688550,29:31.0,23282514,S_P14 Bpink,74181998,DIVISARS74181998,1,Onesize,S_P14 Bpink,DIVASTRI,DIVASTRI Ethnic Motifs Woven Design Zari Silk Cotton Paithani Saree,Sarees,C,7751305005,1377484809,flipkartlogistics,MYSP1059318443,29954,,,47:06.0,,23:57.0,28:47.0,29:12.0,,,,,1119,6584,5465,0,0,0,0,Aurangabad,MH,431009
18500,29954,'125796232968087836003,7770722579,9770700400,b131ee8d-89d8-4baf-9642-83dd7df771fd,5105021753,42:39.0,24361762,Sanskriti_Pink,78153974,DIVISARS78153974,1,Pack,Sanskriti_Pink,DIVASTRI,DIVASTRI Geometric Woven Design Zari Paithani Saree,Sarees,C,7770722579,1384425639,flipkartlogistics,MYSP1065637574,29954,,,52:32.0,,57:04.0,04:03.0,12:09.0,,,,1/29/2024 0:45,843,3675,2683,149,0,0,0,Pune,MH,411038
18500,29954,'125652536486958753303,7751709107,9751686851,147340f0-b175-4c48-9d80-00df4188872a,5094907281,33:13.0,24361762,Sanskriti_Pink,78153974,DIVISARS78153974,1,Pack,Sanskriti_Pink,DIVASTRI,DIVASTRI Geometric Woven Design Zari Paithani Saree,Sarees,C,7751709107,1377487294,flipkartlogistics,MYSC1048772101,29954,,,51:31.0,,13:17.0,19:55.0,23:55.0,,,,,882,3675,2793,0,0,0,0,Yavatmal,MH,445001
18500,29954,'125683409896969859801,7755241647,9755219398,a47d4ee7-88e2-496c-acc8-9391f747a21e,5096860267,18:47.0,23282448,Kyara_Black,74181932,DIVISARS74181932,1,Onesize,Kyara_Black,DIVASTRI,DIVASTRI Ethnic Motifs Woven Design Zari Silk Cotton Banarasi Saree,Sarees,C,7755241647,1379008358,flipkartlogistics,MYSC1049748001,29954,,,51:08.0,,59:06.0,05:36.0,08:46.0,,,,1/21/2024 9:58,1173,6900,5727,0,0,0,0,Vaishali,BR,844505
18500,29954,'125641013861900023501,7749879620,9749857358,37a781ba-8591-4f59-aebe-01cc0f9e10a2,5093905644,32:47.0,23282330,NS Kaju katri_Bgreen.,74181814,DIVISARS74181814,1,Onesize,NS Kaju katri_Bgreen.,DIVASTRI,DIVASTRI Geometric Woven Design Zari Silk Cotton Banarasi Saree,Sarees,C,7749879620,1377487289,flipkartlogistics,MYSC1048772497,29954,,,51:58.0,,13:18.0,19:55.0,53:19.0,,,,,998,4991,3993,0,0,0,0,Siliguri,WB,734010
18500,29954,'125709720940722279503,7759306729,9759284485,3b153e79-6dcd-4526-a7a9-72e7ec9316e2,5098939371,23:58.0,24361736,Sakshi_Wine,78153948,DIVISARS78153948,1,Pack,Sakshi_Wine,DIVASTRI,DIVASTRI Woven Design Zari Paithani Saree,Sarees,C,7759306729,1380489093,flipkartlogistics,MYSC1050616549,29954,,,27:34.0,,19:36.0,25:37.0,52:45.0,,,,,882,3675,2793,89,0,0,0,Panjim,GA,403001
18500,29954,'125771557353303739501,7768077376,9768055156,1de0e98e-c1f1-41a4-9e0e-fd4507bb5ad0,5103524808,10:02.0,23461554,DVS Flower Patola PBlue,74837698,DIVISARS74837698,1,Onesize,DVS Flower Patola PBlue,DIVASTRI,DIVASTRI Floral Woven Design Zari Silk Cotton Banarasi Saree,Sarees,F,,,flipkartlogistics,,29954,79,Duplicate Order,,,,,,12:03.0,,,,1281,7495,6071,143,0,0,0,Thane,MH,400610
18500,29954,'125728975904563971803,7762185289,9762163048,124b003b-4e11-46d9-911e-f10e04c49e1b,5100431816,53:07.0,20755024,SKD 7_Rama L,65019366,AHAAKASS65019366,1,L,SKD 7_Rama,AA-HA!!,AA-HA!! Women Teal Floral Embroidered Sequinned Kurta with Trousers  Dupatta,Kurta Sets,SH,7762185289,1381367145,EE,7041657058,29954,,,58:39.0,42:38.0,02:22.0,24:05.0,,,,,,1099,4999,3900,0,0,0,0,Tura,ML,794001
18500,29954,'125626208450847476503,7748102337,9748080073,dd7f2661-bba1-4f7d-b7ab-aa0912d24200,5092926392,25:13.0,24361782,Shruti_Blue,78153994,DIVISARS78153994,1,Pack,Shruti_Blue,DIVASTRI,DIVASTRI Ethnic MOtifs Woven Design Zari Banarasi Saree,Sarees,F,7748102337,1376313712,flipkartlogistics,MYSC1048066331,29954,31,Cash Issue,56:46.0,,33:09.0,38:04.0,,20:10.0,,,,992,3675,2683,0,0,0,0,Firozabad,UP,283203
18500,29954,'125673660863744032503,7754138502,9754116249,89d6d1fc-9951-49b1-a1e7-24305dcc50e5,5096244303,13:57.0,21131862,D198_Hot Pink.,66333996,AHAASARS66333996,1,Onesize,D198_Hot Pink.,AA-HA!!,AA-HA Woven Design Zari Paithani Saree,Sarees,RTO,7754138502,1378380603,flipkartlogistics,MYSC1049317441,29954,37,RTO Cancellation,02:12.0,,03:06.0,07:43.0,,49:35.0,1/16/2024 15:49,,,1115,6199,5084,0,0,0,0,Allahabad,UP,212503
18500,29954,'125605781834933580701,7745178554,9745156287,cfa0120d-90f5-4893-8630-d43bc83abe7e,5091329438,40:47.0,23259992,Mehendi_Marvel 3,74101666,DIVISARS74101666,1,Onesize,Mehendi_Marvel 3,DIVASTRI,DIVASTRI Ethnic Motifs Woven Design Zari Saree,Sarees,C,7745178554,1375462363,ML,ML1545477880,29954,,,55:17.0,19:37.0,45:57.0,18:37.0,32:35.0,,,,,1178,6930,5752,0,0,0,0,K.V.Rangareddy,TS,500090
18500,29954,'125738184215167353903,7763521949,9763499709,2f276066-2658-462a-953a-9fbc8163b045,5101145633,27:51.0,22062262,N_YS31_Rama,69777008,AHAASARS69777008,1,Onesize,N_YS31_Rama,AA-HA!!,AA-HA!! Ethnic Motifs Woven Design Zari Pure Silk Saree,Sarees,C,7763521949,1381807388,flipkartlogistics,MYSP1063217176,29954,,,45:09.0,,34:44.0,40:59.0,18:26.0,,,,,898,2899,2001,135,0,0,0,Ahmed Nagar,MH,414103
18500,29954,'125840609682453994201,7775154481,9775132365,1bbf4c2a-8e0f-4e50-b683-785624ee8540,5107579975,58:45.0,24361778,Sanvi_Pink,78153990,DIVISARS78153990,1,Pack,Sanvi_Pink,DIVASTRI,DIVASTRI Geometric Woven Design Zari Paithani Saree,Sarees,SH,7775154481,1385892995,flipkartlogistics,MYSC1053990287,29954,,,44:29.0,,42:53.0,49:57.0,,,,,,1062.5,3937.5,2875,0,0,0,0,Champawat,UT,262523
18500,29954,'125673660863744032503,7754138506,9754116253,4734e1d0-d579-4c8e-b714-111c442bd84e,5096244303,13:58.0,21131862,D198_Hot Pink.,66333996,AHAASARS66333996,1,Onesize,D198_Hot Pink.,AA-HA!!,AA-HA Woven Design Zari Paithani Saree,Sarees,RTO,7754138506,1378381113,flipkartlogistics,MYSC1049317811,29954,37,RTO Cancellation,02:55.0,,57:39.0,04:18.0,,49:58.0,1/16/2024 15:49,,,1115,6199,5084,0,0,0,0,Allahabad,UP,212503
18500,29954,'125675600499894490003,7754412646,9754390393,609c4d3a-eab7-4cbe-a752-b46eca67e940,5096399330,37:13.0,22062264,N_YS31_BGreen,69777010,AHAASARS69777010,1,Onesize,N_YS31_BGreen,AA-HA!!,AA-HA!! Ethnic Motifs Woven Design Zari Pure Silk Saree,Sarees,C,7754412646,1378672338,flipkartlogistics,MYSP1060462969,29954,,,47:22.0,,47:23.0,53:43.0,07:13.0,,,,,782,2899,2117,0,0,0,0,Chennai,TN,600062
18500,29954,'125623024839648084701,7747544512,9747522248,6812275a-d153-4268-9983-003af1c9b771,5092606872,34:36.0,22062284,N_Punam 1_Wine,69777030,AHAASARS69777030,1,Onesize,N_Punam 1_Wine,AA-HA!!,AA-HA!! Ethnic Motifs Zari Pure Silk Saree,Sarees,F,7747544512,1376313710,flipkartlogistics,MYSC1048065864,29954,32,Ordered by mistake,57:17.0,,18:14.0,,,18:22.0,,,,782,2899,2117,100,0,0,0,Kolkatta,WB,700148
18500,29954,'125638576564281092203,7749510604,9749488342,c2104d94-9fe6-43ef-ae59-3991eda7870f,5093698237,46:34.0,22062264,N_YS31_BGreen,69777010,AHAASARS69777010,1,Onesize,N_YS31_BGreen,AA-HA!!,AA-HA!! Ethnic Motifs Woven Design Zari Pure Silk Saree,Sarees,C,7749510604,1376690541,flipkartlogistics,MYSC1048309777,29954,,,08:29.0,,42:47.0,47:38.0,46:56.0,,,,,782,2899,2117,0,0,0,0,Thane,MH,400614
18500,29954,'125704325081688884003,7758586261,9758564014,72f9687a-5912-4263-976b-91dc297890a1,5098592051,24:39.0,20755040,Pal1243_Yellow_M,65019428,AHAAKASS65019428,1,M,Pal1243_Yellow,AA-HA!!,AA-HA!! Women Yellow Kurta with Trousers  With Dupatta,Kurta Sets,C,7758586261,1380494888,flipkartlogistics,MYSP1061991106,29954,,,33:50.0,,19:22.0,25:36.0,18:58.0,,,,,1099,4999,3900,110,0,0,0,Bangalore,KA,560015
18500,29954,'125607947915885059903,7745549146,9745526880,37d6e3fa-6e7c-4b32-bf0f-31dfcefd8fb6,5091544789,41:47.0,20435362,SKD5_BLUE_M,63887900,AHAAKASS63887900,1,M,SKD5_BLUE,AA-HA!!,AA-HA Women Navy Blue  White Floral Embroidered Kurta with Trousers  With Dupatta,Kurta Sets,C,7745549146,1375462362,DE,1.32E+11,29954,,,56:16.0,19:37.0,09:43.0,18:37.0,10:28.0,,,,,1199,3999,2800,0,0,0,0,Hyderabad,TG,500043
18500,29954,'125712899784202595701,7759999793,9759977550,74613497-a109-4ffc-b7b9-d9c6472199dc,5099300451,13:46.0,20755034,Pal Mirror_Rama_M,65019404,AHAAKASS65019404,1,M,Pal Mirror_Rama,AA-HA!!,AA-HA!! Women Teal Embroidered Mirror Work Kurta with Trousers  With Dupatta,Kurta Sets,C,7759999793,1380489094,flipkartlogistics,MYSP1061983784,29954,,,27:18.0,,11:38.0,55:13.0,37:36.0,,,,,1019,5999,4980,0,0,0,0,Hyderabad,TG,500028
18500,29954,'125796232968087836003,7770722584,9770700404,892f6933-72a2-4bb8-a127-d6b9900384e9,5105021753,42:39.0,24361766,Sanskriti_NBlue,78153978,DIVISARS78153978,1,Pack,Sanskriti_NBlue,DIVASTRI,DIVASTRI Geometric Woven Design Zari Paithani Saree,Sarees,C,7770722584,1384423866,flipkartlogistics,MYSP1065638033,29954,,,52:18.0,,57:08.0,03:31.0,12:13.0,,,,1/30/2024 15:09,843,3675,2683,149,0,0,0,Pune,MH,411038
18500,29954,'125755698349112753401,7766067962,9766045724,be32d902-63c6-4d57-b2f4-d3ea1191ddd0,5102469641,06:51.0,25334362,Suraj Mukhi_Black,81658008,DIVISARS81658008,1,Pack,Suraj Mukhi_Black,DIVASTRI,DIVASTRI Ethnic Motifs Woven Design Zari Paithani Saree,Sarees,F,7766067962,1382698860,flipkartlogistics,MYSC1051982116,29954,27,Delayed Delivery Cancellation,03:32.0,,17:08.0,23:01.0,,03:23.0,,,,1931,4599,2668,194,0,0,0,Pune,MH,411021
18500,29954,'125727785404009666303,7761972053,9761949812,16451922-c9f9-473e-b7c8-33b0a21436b3,5100311267,34:42.0,22062264,N_YS31_BGreen,69777010,AHAASARS69777010,1,Onesize,N_YS31_BGreen,AA-HA!!,AA-HA!! Ethnic Motifs Woven Design Zari Pure Silk Saree,Sarees,C,7761972053,1381367143,flipkartlogistics,MYSP1062797504,29954,,,59:16.0,,56:47.0,01:51.0,55:39.0,,,,,898,2899,2001,0,0,0,0,Amritsar,PB,143101
18500,29954,'125820291504887553203,7773069110,9773046962,54988e31-32f0-4384-b159-3c12dc63d8ca,5106402398,32:24.0,26409022,Prit_Black,85337052,DIVISARS85337052,1,Onesize,Prit_Black,DIVASTRI,DIVASTRI Floral Woven Design Zari Designer Paithani Saree,Sarees,C,7773069110,1384924072,flipkartlogistics,MYSP1066045172,29954,,,48:31.0,,15:58.0,21:36.0,41:26.0,,,,,3150,8515,5365,0,0,0,0,Chandausi,UP,244412
18500,29954,'125638576564281092203,7749510620,9749488358,294cb082-5928-42cf-b200-afd87d7ebda0,5093698237,46:35.0,22062266,N_YS31_Red,69777012,AHAASARS69777012,1,Onesize,N_YS31_Red,AA-HA!!,AA-HA!! Ethnic Motifs Woven Design Zari Pure Silk Saree,Sarees,C,7749510620,1376688884,flipkartlogistics,MYSC1048310446,29954,,,07:20.0,,34:31.0,40:46.0,47:05.0,,,,,782,2899,2117,0,0,0,0,Thane,MH,400614
18500,29954,'125692783733642110103,7756529528,9756507280,851dbc1a-05aa-41ea-a0b5-dd1847d3fdf5,5097526315,21:05.0,22062246,N_YS31_RBlue,69776992,AHAASARS69776992,1,Onesize,N_YS31_RBlue,AA-HA!!,AA-HA!! Ethnic Motifs Woven Design Zari Pure Silk Saree,Sarees,C,7756529528,1379490645,flipkartlogistics,MYSP1061168449,29954,,,52:39.0,,11:30.0,16:18.0,33:50.0,,,,,2870,2899,29,0,0,0,0,Bhubaneswar,OR,751021
18500,29954,'125661035272589917601,7752810651,9752788397,4db25a8a-7683-493b-ac4a-58fc98dd271f,5095510260,09:41.0,22062238,N_Punam 2_Wine,69776984,AHAASARS69776984,1,Onesize,N_Punam 2_Wine,AA-HA!!,AA-HA!! Ethnic Motifs Woven Design Zari Pure Silk Saree,Sarees,RTO,7752810651,1377955344,DE,1.32E+11,29954,37,RTO Cancellation,58:17.0,19:01.0,04:57.0,43:46.0,,29:36.0,1/13/2024 8:29,,,782,2899,2117,0,0,0,0,Kolhapur,MH,416552
18500,29954,'125669914775940747103,7753870700,9753848447,224ce4a9-0319-4a87-97b2-6c02899c2e62,5096106652,49:36.0,24361744,Sanskriti_Red,78153956,DIVISARS78153956,1,Pack,Sanskriti_Red,DIVASTRI,DIVASTRI Ethnic Motifs Woven Design Zari Paithani Saree,Sarees,C,7753870700,1378336509,flipkartlogistics,MYSP1060119226,29954,,,12:18.0,,05:20.0,13:03.0,01:09.0,,,,,992,3675,2683,0,0,0,0,Varanasi,UP,221003
18500,29954,'125702717386121045403,7758207206,9758184959,00cf5872-cb68-4a1c-b237-56fdee55de1a,5098395673,56:42.0,23282406,SD33_Rama,74181890,DIVISARS74181890,1,Onesize,SD33_Rama,DIVASTRI,DIVASTRI Ethnic Motifs Zari Silk Cotton Banarasi Saree,Sarees,C,7758207206,1380494883,flipkartlogistics,MYSP1061991299,29954,,,34:14.0,,41:34.0,29:11.0,24:10.0,,,,,813,3696,2883,0,0,0,0,Nalgonda,TS,508001
18500,29954,'125677352829039327503,7754667998,9754645748,e0adaf59-7991-4d4b-b447-854ad805b647,5096551099,29:17.0,22062236,N_Punam 2_Rani,69776982,AHAASARS69776982,1,Onesize,N_Punam 2_Rani,AA-HA!!,AA-HA!! Ethnic Motifs Woven Design Zari Pure Silk Saree,Sarees,C,7754667998,1378672337,flipkartlogistics,MYSP1060465727,29954,,,52:08.0,,34:11.0,39:35.0,03:30.0,,,,,782,2899,2117,0,0,0,0,Alwar,RJ,301002
18500,29954,'125833925160048516603,7774614978,9774592857,62ce2309-0dc1-429c-a016-39808cf59527,5107276382,24:40.0,21131976,Print_Beige Black.,66334110,AHAASARS66334110,1,Onesize,Print_Beige Black.,AA-HA!!,AA-HA Floral Zari Silk Cotton Bhagalpuri Saree,Sarees,C,7774614978,1385582173,flipkartlogistics,MYSP1066686700,29954,,,53:24.0,,24:58.0,31:02.0,34:04.0,,,,,1599,9999,8400,0,0,0,0,Nashik,MH,422010
18500,29954,'125600888707480541701,7744754264,9744731996,1be627e2-d229-4c8d-8309-5c153c1d6450,5091116408,05:16.0,21131878,D325_Jamun.,66334012,AHAASARS66334012,1,Onesize,D325_Jamun.,AA-HA!!,AA-HA Ethnic Motifs Zari Paithani Saree,Sarees,C,7744754264,1375046825,flipkartlogistics,MYSP1057302584,29954,,,07:14.0,,12:33.0,17:58.0,56:58.0,,,,,1177,6199,5022,0,0,0,0,Ongole,AP,523001
18500,29954,'125701540372002917501,7757943817,9757921570,f87c927a-e577-43ac-a908-a7be7618c77b,5098259841,40:32.0,22062262,N_YS31_Rama,69777008,AHAASARS69777008,1,Onesize,N_YS31_Rama,AA-HA!!,AA-HA!! Ethnic Motifs Woven Design Zari Pure Silk Saree,Sarees,C,7757943817,1380494891,flipkartlogistics,MYSC1050621229,29954,,,34:56.0,,10:24.0,54:23.0,46:55.0,,,,,898,2899,2001,0,0,0,0,Cuttack,OR,753002
18500,29954,'125638576564281092203,7749510613,9749488351,b561a8a2-132e-4438-984a-d859c3c7458f,5093698237,46:35.0,22062264,N_YS31_BGreen,69777010,AHAASARS69777010,1,Onesize,N_YS31_BGreen,AA-HA!!,AA-HA!! Ethnic Motifs Woven Design Zari Pure Silk Saree,Sarees,C,7749510613,1376689383,flipkartlogistics,MYSC1048309587,29954,,,07:46.0,,34:15.0,40:40.0,46:55.0,,,,,782,2899,2117,0,0,0,0,Thane,MH,400614
18500,29954,'125824546562676218201,7773602057,9773579925,97d33737-0dde-4e2c-8c40-eaecdc3d11de,5106715634,21:34.0,25316734,Sanskriti Pblu,81598792,DIVISARS81598792,1,Pack,Sanskriti Pblu,DIVASTRI,DIVASTRI Ethnic Motifs Woven Design Zari Paithani Saree,Sarees,SH,7773602057,1385583060,flipkartlogistics,MYSC1053781664,29954,,,55:42.0,,41:58.0,47:52.0,,,,,,1064,3435,2371,0,0,0,0,Kalimpong,WB,734314
18500,29954,'125639013200099790403,7749546785,9749524523,2b300bff-1a8a-49c2-8220-04872d185d2d,5093717805,59:20.0,23282448,Kyara_Black,74181932,DIVISARS74181932,1,Onesize,Kyara_Black,DIVASTRI,DIVASTRI Ethnic Motifs Woven Design Zari Silk Cotton Banarasi Saree,Sarees,F,7749546785,1376691878,flipkartlogistics,MYSP1058622996,29954,32,Ordered by mistake,11:54.0,,34:33.0,,,34:40.0,,,,1173,6900,5727,0,0,0,0,Guntur,AP,522006
18500,29954,'125682699380602728203,7755151691,9755129442,f711195f-f788-49a4-b043-d039fd1b0b1e,5096810914,20:23.0,20755030,Pal Mirror_Black_M,65019388,AHAAKASS65019388,1,M,Pal Mirror_Black,AA-HA!!,AA-HA!! Women Black Yoke Design Kurta with Trousers  Dupatta,Kurta Sets,C,7755151691,1378774912,flipkartlogistics,MYSP1060582265,29954,,,50:39.0,,34:16.0,39:09.0,56:21.0,,,,1/15/2024 9:28,1019,5999,4980,0,0,0,0,Hyderabad,TG,500028
18500,29954,'125678667907554183201,7754898805,9754876555,e4307e8a-c0f0-4dff-97d2-456214b61072,5096681291,08:27.0,20035400,TU01 MAR - M,62466586,AHAATNIC62466586,1,M,TU01 MAR,AA-HA!!,AA-HA Women Maroon  Blue Viscose Rayon Mandarin Collar Printed Tunic,Tunics,C,7754898805,1378671117,flipkartlogistics,MYSP1060462793,29954,,,45:16.0,,36:11.0,41:57.0,09:13.0,,,,1/15/2024 13:18,699,999,300,0,0,0,0,Ratnagiri,MH,415639
18500,29954,'125649569361436544501,7751081903,9751059646,f1d080a2-c5b7-4eb4-bda6-574cb3985672,5094564061,18:42.0,23282448,Kyara_Black,74181932,DIVISARS74181932,1,Onesize,Kyara_Black,DIVASTRI,DIVASTRI Ethnic Motifs Woven Design Zari Silk Cotton Banarasi Saree,Sarees,C,7751081903,1377484806,flipkartlogistics,MYSP1059317555,29954,,,46:03.0,,23:43.0,29:16.0,18:35.0,,,,,966,6900,5934,0,0,0,0,Bhiwandi,MH,421302
18500,29954,'125695235673281282003,7757028499,9757006252,abab3743-63e3-4c08-aaab-794da818b09f,5097805235,09:45.0,22062264,N_YS31_BGreen,69777010,AHAASARS69777010,1,Onesize,N_YS31_BGreen,AA-HA!!,AA-HA!! Ethnic Motifs Woven Design Zari Pure Silk Saree,Sarees,C,7757028499,1379490235,flipkartlogistics,MYSP1061169535,29954,,,52:55.0,,03:23.0,10:23.0,56:28.0,,,,,2870,2899,29,0,0,0,0,Ghaziabad,UP,201017
18500,29954,'125653167608944365903,7751876066,9751853811,9b1c621b-0f41-4f5c-8d02-9a7c48ee1ca9,5094985696,18:24.0,23282448,Kyara_Black,74181932,DIVISARS74181932,1,Onesize,Kyara_Black,DIVASTRI,DIVASTRI Ethnic Motifs Woven Design Zari Silk Cotton Banarasi Saree,Sarees,C,7751876066,1377484808,flipkartlogistics,MYSP1059317780,29954,,,46:33.0,,24:48.0,29:16.0,50:24.0,,,,,1173,6900,5727,0,0,0,0,Pune,MH,411057
18500,29954,'125841087805529207503,7775214441,9775192325,8dcc2383-dfb2-4651-bfd5-780a3ae2858a,5107616574,18:27.0,23282378,Radha_Blue,74181862,DIVISARS74181862,1,Onesize,Radha_Blue,DIVASTRI,DIVASTRI Ethnic Motif Woven Design Zari Silk Cotton Banarasi Saree,Sarees,SH,7775214441,1385893715,flipkartlogistics,MYSC1053991370,29954,,,44:14.0,,32:49.0,37:57.0,,,,,,900,3335,2435,0,0,0,0,Gola Gokarannath,UP,262802
18500,29954,'125673660863744032503,7754138505,9754116252,500a9d5f-6ae2-4e29-8674-45ee746d33df,5096244303,13:57.0,21131862,D198_Hot Pink.,66333996,AHAASARS66333996,1,Onesize,D198_Hot Pink.,AA-HA!!,AA-HA Woven Design Zari Paithani Saree,Sarees,RTO,7754138505,1378381407,flipkartlogistics,MYSC1049318236,29954,37,RTO Cancellation,03:07.0,,26:16.0,33:19.0,,01:23.0,1/17/2024 19:01,,,1115,6199,5084,0,0,0,0,Allahabad,UP,212503
18500,29954,'125600888707480541701,7744754261,9744731993,49cc4912-7e62-47ea-a9f4-e10c69e4ba0a,5091116408,05:15.0,21131878,D325_Jamun.,66334012,AHAASARS66334012,1,Onesize,D325_Jamun.,AA-HA!!,AA-HA Ethnic Motifs Zari Paithani Saree,Sarees,C,7744754261,1375044737,flipkartlogistics,MYSP1057302199,29954,,,05:41.0,,12:28.0,18:01.0,56:57.0,,,,,1177,6199,5022,0,0,0,0,Ongole,AP,523001
18500,29954,'125828973195615443301,7773927579,9773905449,ccf012ac-83d6-4f13-b6a6-362c7e37439b,5106886943,39:20.0,20035394,KU04 NBL - XL,62466570,AHAAKRTI62466570,1,XL,KU04 NBL,AA-HA!!,AA-HA Women Striped Thread Work Kurta,Kurtas,F,,,flipkartlogistics,,29954,41,Incorrect size ordered,,,,,,43:46.0,,,,799,999,200,0,0,0,0,Vijayawada,AP,521151
18500,29954,'125625387756373676401,7747937567,9747915303,6bb79cf1-6e77-478a-959b-43af7b95cd44,5092833832,08:26.0,23461772,DVS SD33 NBlue,74837916,DIVISARS74837916,1,Onesize,DVS SD33 NBlue,DIVASTRI,DIVASTRI Ethnic Motifs Zari Silk Cotton Banarasi Saree,Sarees,C,7747937567,1376313713,flipkartlogistics,MYSC1048066330,29954,,,57:00.0,,34:54.0,40:30.0,38:48.0,,,,,898,2995,2097,0,0,0,0,Kolkata,WB,700001
18500,29954,'125771412252127787201,7768052865,9768030645,7dde7259-ee66-4354-8532-392343e3d836,5103510961,45:50.0,22062230,N_ABHA_RED BLACK,69776976,AHAASARS69776976,1,Onesize,N_ABHA_RED BLACK,AA-HA!!,AA-HA!! Ethnic Motifs Woven Design Zari Pure Silk Saree,Sarees,F,7768052865,1383453819,flipkartlogistics,MYSC1052446422,29954,30,Product not required anymore,48:52.0,,12:39.0,19:14.0,,16:51.0,,,,1043,2899,1856,0,0,0,0,Mapusa,GA,403507
18500,29954,'125645285076626748301,7750669542,9750647283,046efc15-351a-4845-8800-4fc717d0ea94,5094339965,24:40.0,21131846,Marigold_Orange.,66333980,AHAASARS66333980,1,Onesize,Marigold_Orange.,AA-HA!!,AA-HA Ethnic Motifs Zari Silk Cotton Banarasi Saree,Sarees,C,7750669542,1377487288,flipkartlogistics,MYSP1059320898,29954,,,51:44.0,,06:10.0,13:36.0,12:25.0,,,,,2599,19999,17400,0,0,0,0,Chennai,TN,600073
18500,29954,'125633545598160829801,7748971630,9748949367,d9ea7dbf-8348-45a4-a5c2-1e5480baf76c,5093402022,48:04.0,24361744,Sanskriti_Red,78153956,DIVISARS78153956,1,Pack,Sanskriti_Red,DIVASTRI,DIVASTRI Ethnic Motifs Woven Design Zari Paithani Saree,Sarees,F,7748971630,1376684442,flipkartlogistics,MYSP1058622254,29954,27,Delayed Delivery Cancellation,09:20.0,,57:04.0,04:34.0,,59:29.0,,,,992,3675,2683,0,0,0,0,Mumbai,MH,400024
18500,29954,'125737647138820577003,7763411615,9763389375,efe6f119-4814-4af3-9a22-b468b4133353,5101084119,58:19.0,21131884,Marvel 3_Pink.,66334018,AHAASARS66334018,1,Onesize,Marvel 3_Pink.,AA-HA!!,AA-HA Ethnic Motifs Zari Organza Bandhani Saree,Sarees,C,7763411615,1381808304,flipkartlogistics,MYSC1051432970,29954,,,48:09.0,,34:50.0,42:41.0,32:21.0,,,,,1229,8199,6970,0,0,0,0,Bandel,WB,712123
18500,29954,'125849223929475405403,7776031058,9776008944,d289a73b-4fda-40b6-8607-fea5e1faa5c0,5108084146,54:27.0,23056416,Flower Patola_Pink,73331300,AHAASARS73331300,1,Onesize,Flower Patola_Pink,AA-HA!!,AA-HA!! Floral Woven Design Zari Pure Silk Patola Saree,Sarees,SH,7776031058,1386201323,flipkartlogistics,MYSC1054191740,29954,,,43:03.0,,53:03.0,00:11.0,,,,,,1312,4860,3548,0,0,0,0,Bhuj,GJ,370615
18500,29954,'125691698083832512603,7756282428,9756260180,d4880fa7-6836-4f4c-8a60-4e5ed79db101,5097397009,20:09.0,22062264,N_YS31_BGreen,69777010,AHAASARS69777010,1,Onesize,N_YS31_BGreen,AA-HA!!,AA-HA!! Ethnic Motifs Woven Design Zari Pure Silk Saree,Sarees,C,7756282428,1379137206,flipkartlogistics,MYSP1060896092,29954,,,36:11.0,,59:54.0,07:40.0,44:06.0,,,,1/24/2024 12:07,2870,2899,29,0,0,0,0,"Hyderabad,",AP,500015
18500,29954,'125610097599195028001,7746004110,9745981845,875c954a-d66f-46d2-bfb2-f00fc458028e,5091790710,40:04.0,21131862,D198_Hot Pink.,66333996,AHAASARS66333996,1,Onesize,D198_Hot Pink.,AA-HA!!,AA-HA Woven Design Zari Paithani Saree,Sarees,C,7746004110,1375462361,ML,ML1545477744,29954,,,56:29.0,19:37.0,09:16.0,18:37.0,03:27.0,,,,,1115,6199,5084,0,0,0,0,Mumbai,MH,400059
18500,29954,'125851699121954585701,7776396899,9776374793,231dafb5-d2bc-4048-b125-a4cccc9ecf46,5108296638,47:00.0,21131856,Marigold_Blue.,66333990,AHAASARS66333990,1,Onesize,Marigold_Blue.,AA-HA!!,AA-HA Ethnic Motifs Zari Silk Cotton Banarasi Saree,Sarees,SH,7776396899,1386201322,flipkartlogistics,MYSP1067267900,29954,,,42:48.0,,27:35.0,33:03.0,,,,,,1999,19999,18000,0,0,0,0,Bengaluru,KA,560105
18500,29954,'125685727727915214201,7755532056,9755509807,5cf7c027-8a32-44e7-b78d-f98eeab0bb34,5097020290,45:06.0,23461552,DVS Tulsi Black,74837696,DIVISARS74837696,1,Onesize,DVS Tulsi Black,DIVASTRI,DIVASTRI Ethnic Motifs Woven Design Zari Banarasi Saree,Sarees,C,7755532056,1379008359,flipkartlogistics,MYSC1049747329,29954,,,51:26.0,,33:03.0,40:11.0,22:39.0,,,,,1274,7495,6221,0,0,0,0,Sagar,MP,470004
18500,29954,'125841087805529207503,7775214440,9775192324,d80cdd60-87bc-4f82-9515-bd6f47197fdd,5107616574,18:27.0,23282534,Radha_Rama,74182018,DIVISARS74182018,1,Onesize,Radha_Rama,DIVASTRI,DIVASTRI Ethnic Motifs Woven Design Zari Silk Cotton Banarasi Saree,Sarees,SH,7775214440,1385892997,flipkartlogistics,MYSC1053990675,29954,,,44:00.0,,41:58.0,48:34.0,,,,,,900,3335,2435,0,0,0,0,Gola Gokarannath,UP,262802
18500,29954,'125752168177420036401,7765525278,9765503039,c3fcdfd3-2e6a-4e5e-bb39-d8f297a4f82b,5102150862,18:30.0,24361756,Sanvi_PBlue,78153968,DIVISARS78153968,1,Pack,Sanvi_PBlue,DIVASTRI,DIVASTRI Woven Design Zari Paithani Saree,Sarees,C,7765525278,1382433428,flipkartlogistics,MYSC1051821585,29954,,,00:07.0,,56:53.0,04:03.0,19:59.0,,,,,1062.5,3937.5,2875,107,0,0,0,Pune,MH,411019
18500,29954,'125704119162389577803,7758522689,9758500442,0481212f-861d-492e-a617-091a61040735,5098562781,50:20.0,20755040,Pal1243_Yellow_M,65019428,AHAAKASS65019428,1,M,Pal1243_Yellow,AA-HA!!,AA-HA!! Women Yellow Kurta with Trousers  With Dupatta,Kurta Sets,F,,,flipkartlogistics,,29954,78,Delayed Delivery Cancellation,,,,,,51:36.0,,,,1099,4999,3900,110,0,0,0,Bengaluru,KA,560015
18500,29954,'125673660863744032503,7754138501,9754116248,c18b8e75-3feb-447e-89cb-ada867f21cdf,5096244303,13:57.0,21131862,D198_Hot Pink.,66333996,AHAASARS66333996,1,Onesize,D198_Hot Pink.,AA-HA!!,AA-HA Woven Design Zari Paithani Saree,Sarees,RTO,7754138501,1378378793,flipkartlogistics,MYSC1049316029,29954,37,RTO Cancellation,59:43.0,,04:38.0,10:39.0,,03:21.0,1/17/2024 19:03,,,1115,6199,5084,0,0,0,0,Allahabad,UP,212503
18500,29954,'125625371834254514501,7747934857,9747912593,a6c86c63-429b-4643-bfa6-e2f2ce0849cd,5092832228,05:47.0,21131914,D325_Red.,66334048,AHAASARS66334048,1,Onesize,D325_Red.,AA-HA!!,AA-HA Ethnic Motifs Zari Paithani Saree,Sarees,C,7747934857,1376315149,flipkartlogistics,MYSP1058270873,29954,,,58:38.0,,34:12.0,39:53.0,07:48.0,,,,,1177,6199,5022,0,0,0,0,Kolkata,WB,700051
18500,29954,'125677063187346062403,7754623641,9754601389,de163100-3669-4800-bf1b-7f9c950f92cd,5096524382,41:00.0,23282566,NS Kaju katri_Purple.,74182050,DIVISARS74182050,1,Onesize,NS Kaju katri_Purple.,DIVASTRI,DIVASTRI Ethnic Motif Woven Design Zari Silk Cotton Banarasi Saree,Sarees,C,7754623641,1378672336,DE,1.32E+11,29954,,,47:38.0,07:10.0,16:03.0,11:26.0,08:30.0,,,,1/19/2024 11:31,998,4991,3993,0,0,0,0,Kathua,JK,184204
18500,29954,'125704072516895509301,7758509872,9758487625,7da7fdde-6078-4637-80d0-e9c8984b5a42,5098556578,42:34.0,20755040,Pal1243_Yellow_M,65019428,AHAAKASS65019428,1,M,Pal1243_Yellow,AA-HA!!,AA-HA!! Women Yellow Kurta with Trousers  With Dupatta,Kurta Sets,F,,,flipkartlogistics,,29954,44,Ordered By Mistake,,,,,,45:04.0,,,,1099,4999,3900,110,0,0,0,Bengaluru,KA,560015
18500,29954,'125600888707480541701,7744754272,9744732004,22d2afc2-2635-47cf-b057-0ca73db18ce2,5091116408,05:16.0,21131878,D325_Jamun.,66334012,AHAASARS66334012,1,Onesize,D325_Jamun.,AA-HA!!,AA-HA Ethnic Motifs Zari Paithani Saree,Sarees,C,7744754272,1375046131,flipkartlogistics,MYSP1057303286,29954,,,06:33.0,,13:04.0,19:22.0,56:57.0,,,,,1177,6199,5022,0,0,0,0,Ongole,AP,523001
18500,29954,'125632488344709310103,7748812121,9748789858,827f6312-cfd2-47a3-a4f7-25d111fb196d,5093308115,51:51.0,23282448,Kyara_Black,74181932,DIVISARS74181932,1,Onesize,Kyara_Black,DIVASTRI,DIVASTRI Ethnic Motifs Woven Design Zari Silk Cotton Banarasi Saree,Sarees,RTO,7748812121,1376684441,flipkartlogistics,MYSC1048309966,29954,37,RTO Cancellation,09:53.0,,22:54.0,28:00.0,,22:42.0,01-12-2024 18:22,,,1173,6900,5727,0,0,0,0,Chikhli,MH,443201
18500,29954,'125807738391515222603,7771933358,9771911183,30e05f4c-1731-49eb-91fb-2c62aec0ecdc,5105773319,40:13.0,24361740,Sanvi_Blue,78153952,DIVISARS78153952,1,Pack,Sanvi_Blue,DIVASTRI,DIVASTRI Woven Design Zari Paithani Saree,Sarees,C,7771933358,1384924074,flipkartlogistics,MYSP1066045421,29954,,,48:18.0,,03:36.0,08:49.0,32:18.0,,,,,1062.5,3937.5,2875,0,0,0,0,Kolkata,WB,700075
18500,29954,'125633615297215804303,7748981974,9748959711,2bc32ad9-0d93-4d2d-a57d-0bc76625c8c4,5093408254,59:41.0,24361744,Sanskriti_Red,78153956,DIVISARS78153956,1,Pack,Sanskriti_Red,DIVASTRI,DIVASTRI Ethnic Motifs Woven Design Zari Paithani Saree,Sarees,F,7748981974,1376684439,flipkartlogistics,MYSP1058623315,29954,32,Ordered by mistake,09:35.0,,34:54.0,,,35:03.0,,,,992,3675,2683,0,0,0,0,Mumbai,MH,400028
18500,29954,'125617259502307017903,7746877090,9746854826,728267c1-13ab-48fe-99c3-6a3c0c1db429,5092263329,33:43.0,24361740,Sanvi_Blue,78153952,DIVISARS78153952,1,Pack,Sanvi_Blue,DIVASTRI,DIVASTRI Woven Design Zari Paithani Saree,Sarees,C,7746877090,1375886512,flipkartlogistics,MYSP1057931206,29954,,,52:32.0,,22:20.0,27:10.0,55:26.0,,,,,983.5,3937.5,2954,0,0,0,0,Birlapur,WB,743318
18500,29954,'125659631386964156003,7752548423,9752526169,40dde3b3-9dab-4c69-ae5b-a68ee8967e4b,5095359344,15:43.0,23282448,Kyara_Black,74181932,DIVISARS74181932,1,Onesize,Kyara_Black,DIVASTRI,DIVASTRI Ethnic Motifs Woven Design Zari Silk Cotton Banarasi Saree,Sarees,C,7752548423,1377955347,flipkartlogistics,MYSP1059758171,29954,,,56:50.0,,26:41.0,32:03.0,26:17.0,,,,1/14/2024 14:32,1173,6900,5727,0,0,0,0,Pune,MH,411060
18500,29954,'125598914398661630003,7744460793,9744438525,a4424603-c86d-425c-a5ea-ceb44c565b13,5090945911,36:12.0,21131914,D325_Red.,66334048,AHAASARS66334048,1,Onesize,D325_Red.,AA-HA!!,AA-HA Ethnic Motifs Zari Paithani Saree,Sarees,F,,,flipkartlogistics,,29954,42,Product not required anymore,,,,,,38:37.0,,,,1177,6199,5022,0,0,0,0,Bangalore,KA,560048
18500,29954,'125702758777615713003,7758215996,9758193749,71611be2-184a-4f7c-b6d8-d17c1a831594,5098400400,03:36.0,24361766,Sanskriti_NBlue,78153978,DIVISARS78153978,1,Pack,Sanskriti_NBlue,DIVASTRI,DIVASTRI Geometric Woven Design Zari Paithani Saree,Sarees,C,7758215996,1380494886,flipkartlogistics,MYSP1061991825,29954,,,35:31.0,,42:19.0,28:13.0,42:45.0,,,,,882,3675,2793,87,0,0,0,Karnal,HR,132001
18500,29954,'125674459185132420303,7754234500,9754212247,4ad5b0bd-656a-43fc-80d8-0991d65b7456,5096297471,27:00.0,23282550,S_P14 Black,74182034,DIVISARS74182034,1,Onesize,S_P14 Black,DIVASTRI,DIVASTRI Ethnic Woven Design Zari Silk Cotton Paithani Saree,Sarees,C,7754234500,1378433979,flipkartlogistics,MYSP1060240155,29954,,,46:14.0,,04:11.0,09:05.0,02:17.0,,,,,1410,9400,7990,0,0,0,0,Bengaluru,KA,560102
18500,29954,'125710010844420482901,7759372481,9759350237,c32b2edc-646d-4447-b392-e78e40892c9f,5098973501,12:16.0,21131920,D198_Blue.,66334054,AHAASARS66334054,1,Onesize,D198_Blue.,AA-HA!!,AA-HA Woven Design Paithani Saree,Sarees,F,,,flipkartlogistics,,29954,45,Wants to change style/color,,,,,,47:42.0,,,,1301,6199,4898,0,0,0,0,Beed,MH,431131
18500,29954,'125729401375971999403,7762273325,9762251085,1fc52741-01ee-4e8d-80fb-daafde0adb1e,5100481813,04:02.0,21131848,D325_Hot Pink.,66333982,AHAASARS66333982,1,Onesize,D325_Hot Pink.,AA-HA!!,AA-HA Ethnic Motifs Zari Paithani Saree,Sarees,C,7762273325,1381365594,flipkartlogistics,MYSP1062795152,29954,,,56:13.0,,18:12.0,25:31.0,57:39.0,,,,1/24/2024 11:18,1301,6199,4898,0,0,0,0,Vadodara,GJ,389151
18500,29954,'125788569671137946903,7769994083,9769971882,67240420-b09b-478a-a0b7-294099730501,5104587121,25:25.0,22062244,N_Gopi_Blue,69776990,AHAASARS69776990,1,Onesize,N_Gopi_Blue,AA-HA!!,AA-HA!! Ethnic Motifs Woven Design Zari Pure Silk Saree,Sarees,C,7769994083,1384137453,flipkartlogistics,MYSC1052873495,29954,,,51:50.0,,44:58.0,52:35.0,27:50.0,,,,,782,2899,2117,0,0,0,0,Buldhana,MH,443302
18500,29954,'125670736112282064501,7754022859,9754000606,23d7bce4-c2df-4734-a1db-5273e3e69548,5096185960,06:30.0,25334354,Suraj Mukhi_Yellow,81658000,DIVISARS81658000,1,Pack,Suraj Mukhi_Yellow,DIVASTRI,DIVASTRI Ethnic Motifs Woven Design Zari Paithani Saree,Sarees,F,7754022859,1378336513,flipkartlogistics,MYSP1060119452,29954,32,Ordered by mistake,12:32.0,,17:35.0,,,17:44.0,,,,1839,4599,2760,0,0,0,0,"Sundergarh,",OR,769005
18500,29954,'125703103718455970603,7758289978,9758267731,0c514487-5834-4bd3-9d13-955c1bc36e00,5098440407,01:05.0,22062264,N_YS31_BGreen,69777010,AHAASARS69777010,1,Onesize,N_YS31_BGreen,AA-HA!!,AA-HA!! Ethnic Motifs Woven Design Zari Pure Silk Saree,Sarees,C,7758289978,1380494879,flipkartlogistics,MYSP1061988737,29954,,,31:35.0,,41:58.0,27:55.0,25:07.0,,,,,898,2899,2001,0,0,0,0,"Hyderabad,",AP,500015
18500,29954,'125638576564281092203,7749510610,9749488348,6898b587-f0da-4e60-951f-fd3d9fa08dd4,5093698237,46:35.0,22062264,N_YS31_BGreen,69777010,AHAASARS69777010,1,Onesize,N_YS31_BGreen,AA-HA!!,AA-HA!! Ethnic Motifs Woven Design Zari Pure Silk Saree,Sarees,C,7749510610,1376690957,flipkartlogistics,MYSC1048310220,29954,,,08:49.0,,35:52.0,43:09.0,46:53.0,,,,,782,2899,2117,0,0,0,0,Thane,MH,400614
18500,29954,'125600888707480541701,7744754268,9744732000,37b2c25d-699f-4c42-94c6-ecc7272ffeeb,5091116408,05:16.0,21131878,D325_Jamun.,66334012,AHAASARS66334012,1,Onesize,D325_Jamun.,AA-HA!!,AA-HA Ethnic Motifs Zari Paithani Saree,Sarees,C,7744754268,1375046565,flipkartlogistics,MYSP1057303691,29954,,,06:54.0,,12:42.0,17:58.0,56:59.0,,,,,1177,6199,5022,0,0,0,0,Ongole,AP,523001
18500,29954,'125770620091207301303,7767916365,9767894142,d09532a0-2dee-4b17-8c3c-5dba7ddfa6e4,5103433752,33:49.0,21131852,Marigold_Pink.,66333986,AHAASARS66333986,1,Onesize,Marigold_Pink.,AA-HA!!,AA-HA Ethnic Motifs Zari Silk Cotton Banarasi Saree,Sarees,C,7767916365,1383453821,flipkartlogistics,MYSC1052445719,29954,,,53:33.0,,39:16.0,45:22.0,52:21.0,,,,1/30/2024 21:15,3299,19999,16400,300,0,0,0,Suryapet,TG,508213
18500,29954,'125835204359004676803,7774772579,9774750458,b726223b-7f1d-43b8-a344-788785e50527,5107355664,57:52.0,25316768,Marvel17 Red,81598828,DIVISARS81598828,1,Pack,Marvel17 Red,DIVASTRI,DIVASTRI Ethnic Motif Woven Design Zari Banarasi Saree,Sarees,C,7774772579,1385582172,flipkartlogistics,MYSC1053781466,29954,,,53:50.0,,30:35.0,35:12.0,00:08.0,,,,,1395,4500,3105,0,0,0,0,Mumbai,MH,400006
18500,29954,'125665564146697166401,7753189067,9753166814,6898c21e-3b9d-4294-8966-2eeaf82e6494,5095706082,44:29.0,24361744,Sanskriti_Red,78153956,DIVISARS78153956,1,Pack,Sanskriti_Red,DIVASTRI,DIVASTRI Ethnic Motifs Woven Design Zari Paithani Saree,Sarees,F,7753189067,1378069850,flipkartlogistics,MYSC1049133585,29954,30,Product not required anymore,42:56.0,,08:00.0,13:06.0,,59:48.0,,,,992,3675,2683,0,0,0,0,Mumbai,MH,400053
18500,29954,'125664594623100034503,7753095746,9753073493,98f5b89a-ea41-4c25-93b7-320fb53dc8b9,5095653320,02:54.0,24361768,Sanvi_Wine,78153980,DIVISARS78153980,1,Pack,Sanvi_Wine,DIVASTRI,DIVASTRI Geometric Woven Design Zari Paithani Saree,Sarees,C,7753095746,1377955345,flipkartlogistics,MYSC1049055907,29954,,,57:54.0,,23:19.0,28:57.0,35:28.0,,,,1/13/2024 10:21,983.5,3937.5,2954,0,0,0,0,Pune,MH,411028
18500,29954,'125702841510339799603,7758233398,9758211151,f305b6d1-a225-4510-9617-6773037d64e6,5098409743,17:23.0,22062264,N_YS31_BGreen,69777010,AHAASARS69777010,1,Onesize,N_YS31_BGreen,AA-HA!!,AA-HA!! Ethnic Motifs Woven Design Zari Pure Silk Saree,Sarees,C,7758233398,1380494881,flipkartlogistics,MYSC1050618813,29954,,,31:20.0,,19:38.0,24:46.0,10:15.0,,,,1/25/2024 18:58,898,2899,2001,0,0,0,0,Delhi,DL,110052
18500,29954,'125605627289131845201,7745151836,9745129568,200cd251-96f5-4c77-92df-56dcca5da232,5091313896,15:02.0,21131864,D198_Black.,66333998,AHAASARS66333998,1,Onesize,D198_Black.,AA-HA!!,AA-HA Woven Design Paithani Saree,Sarees,C,7745151836,1375462360,flipkartlogistics,MYSC1047570496,29954,,,56:43.0,,12:51.0,18:57.0,30:58.0,,,,01-07-2024 12:06,1115,6199,5084,0,0,0,0,Jalgaon,MH,424105
18500,29954,'125808201487005218601,7772006265,9771984090,fa977768-4920-4387-a27b-990f9723814e,5105816360,57:23.0,20755032,Pal1243_NBL_XL,65019400,AHAAKASS65019400,1,XL,Pal1243_NBL,AA-HA!!,AA-HA!! Women Navy Blue Kurta with Trousers  With Dupatta,Kurta Sets,C,7772006265,1384921900,flipkartlogistics,MYSP1066045227,29954,,,45:46.0,,03:33.0,10:51.0,00:34.0,,,,,1214,4999,3650,135,0,0,0,BANGALORE,KA,560032
18500,29954,'125832338004014079903,7774370537,9774348412,2cdc67b4-ecff-433f-a5b2-da9b5879af72,5107139206,00:08.0,24361782,Shruti_Blue,78153994,DIVISARS78153994,1,Pack,Shruti_Blue,DIVASTRI,DIVASTRI Ethnic MOtifs Woven Design Zari Banarasi Saree,Sarees,SH,7774370537,1385583062,flipkartlogistics,MYSP1066685980,29954,,,56:21.0,,31:31.0,39:21.0,,,,,,1139,3675,2536,0,0,0,0,Bara Banki,UP,225001
18500,29954,'125600888707480541701,7744754269,9744732001,6399eb85-fd6e-4945-a1a5-ff294cee9145,5091116408,05:16.0,21131878,D325_Jamun.,66334012,AHAASARS66334012,1,Onesize,D325_Jamun.,AA-HA!!,AA-HA Ethnic Motifs Zari Paithani Saree,Sarees,C,7744754269,1375043002,flipkartlogistics,MYSP1057302685,29954,,,04:53.0,,13:10.0,19:24.0,56:55.0,,,,,1177,6199,5022,0,0,0,0,Ongole,AP,523001
18500,29954,'125638576564281092203,7749510605,9749488343,e4b3ac4b-938b-4653-90fb-cb843139e258,5093698237,46:34.0,22062264,N_YS31_BGreen,69777010,AHAASARS69777010,1,Onesize,N_YS31_BGreen,AA-HA!!,AA-HA!! Ethnic Motifs Woven Design Zari Pure Silk Saree,Sarees,C,7749510605,1376689928,flipkartlogistics,MYSC1048310022,29954,,,08:08.0,,57:18.0,05:17.0,46:53.0,,,,,782,2899,2117,0,0,0,0,Thane,MH,400614
18500,29954,'125638576564281092203,7749510609,9749488347,71cdac76-628e-4ca8-a3b3-7b4f69e2c05f,5093698237,46:34.0,22062264,N_YS31_BGreen,69777010,AHAASARS69777010,1,Onesize,N_YS31_BGreen,AA-HA!!,AA-HA!! Ethnic Motifs Woven Design Zari Pure Silk Saree,Sarees,C,7749510609,1376686013,flipkartlogistics,MYSC1048308169,29954,,,03:01.0,,58:08.0,04:52.0,46:55.0,,,,,782,2899,2117,0,0,0,0,Thane,MH,400614
18500,29954,'125643034725146479503,7750259726,9750237466,ac11c474-5e8c-4ff6-8759-b9f497530010,5094122880,09:35.0,23282506,S_Goli Butti BGreen,74181990,DIVISARS74181990,1,Onesize,S_Goli Butti BGreen,DIVASTRI,DIVASTRI Floral Woven Design Zari Silk Cotton Banarasi Saree,Sarees,C,7750259726,1377487290,flipkartlogistics,MYSC1048772118,29954,,,50:49.0,,24:55.0,30:53.0,38:10.0,,,,,1060,6237,5177,0,0,0,0,Gopalganj,BR,841428
18500,29954,'125638576564281092203,7749510607,9749488345,6ab84980-7a45-4e65-a73e-a98530c66202,5093698237,46:34.0,22062264,N_YS31_BGreen,69777010,AHAASARS69777010,1,Onesize,N_YS31_BGreen,AA-HA!!,AA-HA!! Ethnic Motifs Woven Design Zari Pure Silk Saree,Sarees,C,7749510607,1376684445,flipkartlogistics,MYSC1048309033,29954,,,01:17.0,,34:22.0,40:45.0,46:53.0,,,,,782,2899,2117,0,0,0,0,Thane,MH,400614
18500,29954,'125642822412551249103,7750201625,9750179364,e20a18a3-9cca-41f4-b84c-a95747a0cbeb,5094088062,34:12.0,22062238,N_Punam 2_Wine,69776984,AHAASARS69776984,1,Onesize,N_Punam 2_Wine,AA-HA!!,AA-HA!! Ethnic Motifs Woven Design Zari Pure Silk Saree,Sarees,C,7750201625,1377484805,flipkartlogistics,MYSC1048771705,29954,,,47:22.0,,13:13.0,18:30.0,21:40.0,,,,,898,2899,2001,0,0,0,0,Hyderabad,TG,500090
18500,29954,'125618050477810735201,7747058500,9747036236,03da8f14-fc71-45e1-a6d6-142d36840a74,5092360036,45:34.0,23282380,Radha_Wine,74181864,DIVISARS74181864,1,Onesize,Radha_Wine,DIVASTRI,DIVASTRI Ethnic Motifs Woven Design Zari Silk Cotton Banarasi Saree,Sarees,C,7747058500,1375884652,flipkartlogistics,MYSP1057930887,29954,,,48:23.0,,22:22.0,27:10.0,52:48.0,,,,01-09-2024 17:35,833,3335,2502,123,0,0,0,Udaipur,RJ,313001
18500,29954,'125701540372002917501,7757943819,9757921572,0f177c87-c612-48c7-997a-c1fce57f67e0,5098259841,40:32.0,22062260,N_Radha_Wine,69777006,AHAASARS69777006,1,Onesize,N_Radha_Wine,AA-HA!!,AA-HA!! Ethnic Motifs Woven Design Zari Pure Silk Saree,Sarees,C,7757943819,1380502844,flipkartlogistics,MYSC1050621002,29954,,,35:07.0,,41:55.0,27:05.0,46:56.0,,,,,898,2899,2001,0,0,0,0,Cuttack,OR,753002
18500,29954,'125664581745704252003,7753095031,9753072778,e4389939-2bcb-4cd0-8936-251ccb61f923,5095652915,00:46.0,24361768,Sanvi_Wine,78153980,DIVISARS78153980,1,Pack,Sanvi_Wine,DIVASTRI,DIVASTRI Geometric Woven Design Zari Paithani Saree,Sarees,F,,,flipkartlogistics,,29954,44,Ordered By Mistake,,,,,,01:42.0,,,,983.5,3937.5,2954,0,0,0,0,Pune,MH,411028
18500,29954,'125600891885159858801,7744754831,9744732563,5616e6cf-5ec5-4083-a0e0-b2eceeb56d42,5091116699,05:48.0,25334476,Ishika_Blue,81658122,DIVISARS81658122,1,Pack,Ishika_Blue,DIVASTRI,DIVASTRI Geometric Printed  Kota Saree,Sarees,C,7744754831,1375041502,ML,ML1545227615,29954,,,01:27.0,49:40.0,25:52.0,50:58.0,33:27.0,,,,,824,2499,1675,0,0,0,0,Hyderabad,TS,500049
18500,29954,'125622998716043033403,7747539713,9747517449,da19e7f4-eb82-44fe-94fa-05f36552070e,5092604129,30:15.0,20755034,Pal Mirror_Rama_M,65019404,AHAAKASS65019404,1,M,Pal Mirror_Rama,AA-HA!!,AA-HA!! Women Teal Embroidered Mirror Work Kurta with Trousers  With Dupatta,Kurta Sets,C,7747539713,1376052262,flipkartlogistics,MYSP1058078452,29954,,,47:42.0,,33:53.0,40:50.0,06:58.0,,,,1/13/2024 12:37,1199,5999,4800,0,0,0,0,Neral,MH,410101
18500,29954,'125638576564281092203,7749510606,9749488344,c55ab6fe-a826-425b-8a14-2dee098c903f,5093698237,46:34.0,22062264,N_YS31_BGreen,69777010,AHAASARS69777010,1,Onesize,N_YS31_BGreen,AA-HA!!,AA-HA!! Ethnic Motifs Woven Design Zari Pure Silk Saree,Sarees,C,7749510606,1376685370,flipkartlogistics,MYSC1048309004,29954,,,01:57.0,,34:10.0,40:42.0,46:54.0,,,,,782,2899,2117,0,0,0,0,Thane,MH,400614
18500,29954,'125823468107512108201,7773458219,9773436081,676e53e4-9649-4a55-84b7-8f95c27b04e2,5106630353,21:50.0,21131914,D325_Red.,66334048,AHAASARS66334048,1,Onesize,D325_Red.,AA-HA!!,AA-HA Ethnic Motifs Zari Paithani Saree,Sarees,C,7773458219,1385582170,flipkartlogistics,MYSP1066686084,29954,,,53:37.0,,30:31.0,36:48.0,49:32.0,,,,,1239,6199,4960,0,0,0,0,Mumbai,MH,401305
18500,29954,'125702069517375947801,7758070456,9758048209,edc57e7e-c47a-432e-b2ad-73e546076c3e,5098323262,08:43.0,23282494,NS Kaju katri_Pink.,74181978,DIVISARS74181978,1,Onesize,NS Kaju katri_Pink.,DIVASTRI,DIVASTRI Ethnic Motifs Zari Silk Cotton Banarasi Saree,Sarees,C,7758070456,1380494884,flipkartlogistics,MYSC1050620064,29954,,,35:44.0,,19:42.0,26:20.0,49:08.0,,,,,848,4991,4143,0,0,0,0,Bhopal,MP,462043
18500,29954,'125620548243401465603,7747278498,9747256234,cc19ee88-9e9c-4dea-89d7-909df9aad84f,5092465235,41:50.0,24395640,RC 1_Nblue_XXL,78280352,DIVIKASS78280352,1,XXL,RC 1_Nblue_XXL,DIVASTRI,DIVASTRI Round Neck Gotta Patti Straight Kurta  Trousers With Dupatta,Kurta Sets,F,7747278498,1375884651,flipkartlogistics,MYSC1047808683,29954,28,Incorrect size ordered,48:44.0,,22:44.0,,,22:51.0,,,,906,3022,2116,0,0,0,0,Hyderabad,TG,501301
18500,29954,'125857031386667151801,7776817750,9776795653,e9958213-4e25-44eb-9625-980825421f41,5108527596,35:43.0,23282564,SD33_Wine,74182048,DIVISARS74182048,1,Onesize,SD33_Wine,DIVASTRI,DIVASTRI Floral Woven Design Zari Silk Cotton Banarasi Saree,Sarees,SH,7776817750,1386520569,flipkartlogistics,MYSP1067562076,29954,,,00:04.0,,01:20.0,06:55.0,,,,,,997,3696,2699,0,0,0,0,Patiala,PB,147001
18500,29954,'125729103687628314103,7762210230,9762187990,29f3d338-d46b-432f-afbe-d54ab90234c5,5100446114,14:26.0,25316734,Sanskriti Pblu,81598792,DIVISARS81598792,1,Pack,Sanskriti Pblu,DIVASTRI,DIVASTRI Ethnic Motifs Woven Design Zari Paithani Saree,Sarees,C,7762210230,1381365596,flipkartlogistics,MYSP1062795972,29954,,,56:27.0,,08:10.0,15:23.0,48:33.0,,,,1/20/2024 17:24,893,3435,2542,0,0,0,0,Mumbai,MH,400074
18500,29954,'125848760971525992201,7775971296,9775949182,a69763cb-315f-43fc-baf9-4afb2b793eb7,5108048350,37:18.0,23461734,DVS Flower Patola Pink,74837878,DIVISARS74837878,1,Onesize,DVS Flower Patola Pink,DIVASTRI,DIVASTRI Ethnic Motifs Woven Design Zari Banarasi Saree,Sarees,SH,7775971296,1386203375,flipkartlogistics,MYSC1054192534,29954,,,46:54.0,,27:38.0,34:29.0,,,,,,1424,7495,6071,0,0,0,0,New Delhi,DL,110025
18500,29954,'125730138477037747501,7762429647,9762407407,7f7c628f-f7db-4620-b865-c6ca1460d543,5100565297,06:54.0,23282446,Kyara_Maroon,74181930,DIVISARS74181930,1,Onesize,Kyara_Maroon,DIVASTRI,DIVASTRI Ethnic Motifs Woven Design Zari Silk Cotton Banarasi Saree,Sarees,C,7762429647,1381367144,flipkartlogistics,MYSP1062797932,29954,,,58:52.0,,25:49.0,31:55.0,59:39.0,,,,1/28/2024 21:26,1173,6900,5727,0,0,0,0,Thalassery,KL,670673
18500,29954,'125692783733642110103,7756529529,9756507282,fb28ca7a-8d6f-4599-b8e2-004b157acf5f,5097526315,21:06.0,22062262,N_YS31_Rama,69777008,AHAASARS69777008,1,Onesize,N_YS31_Rama,AA-HA!!,AA-HA!! Ethnic Motifs Woven Design Zari Pure Silk Saree,Sarees,C,7756529529,1379490236,flipkartlogistics,MYSP1061168455,29954,,,52:27.0,,02:43.0,08:54.0,33:51.0,,,,,2870,2899,29,0,0,0,0,Bhubaneswar,OR,751021
18500,29954,'125834539842533200501,7774716926,9774694805,35143fdb-dfb5-44f9-85a5-f4a7e6ddd415,5107328135,07:06.0,24361740,Sanvi_Blue,78153952,DIVISARS78153952,1,Pack,Sanvi_Blue,DIVASTRI,DIVASTRI Woven Design Zari Paithani Saree,Sarees,SH,7774716926,1385583063,flipkartlogistics,MYSP1066685769,29954,,,55:54.0,,25:37.0,31:04.0,,,,,,1062.5,3937.5,2875,0,0,0,0,Ramgarh,JH,829122
18500,29954,'125593938635624867603,7744070890,9744048621,ccdb43d1-ef5e-4ccb-a0ba-ed5571983958,5090711524,46:54.0,24361748,Sakshi_Pink,78153960,DIVISARS78153960,1,Pack,Sakshi_Pink,DIVASTRI,DIVASTRI Woven Design Zari Paithani Saree,Sarees,C,7744070890,1374750773,flipkartlogistics,MYSP1057100879,29954,,,01:03.0,,37:45.0,43:01.0,54:46.0,,,,,992,3675,2683,0,0,0,0,Amalapuram,AP,533201
18500,29954,'125638576564281092203,7749510615,9749488353,f263f460-b611-4779-8dca-8a5bcdd98a5e,5093698237,46:35.0,22062266,N_YS31_Red,69777012,AHAASARS69777012,1,Onesize,N_YS31_Red,AA-HA!!,AA-HA!! Ethnic Motifs Woven Design Zari Pure Silk Saree,Sarees,C,7749510615,1376688163,flipkartlogistics,MYSC1048308900,29954,,,06:52.0,,57:28.0,05:17.0,47:06.0,,,,,782,2899,2117,0,0,0,0,Thane,MH,400614
18500,29954,'125828964836188003101,7773927044,9773904915,6ed116e2-f1a4-47cc-beb1-aad6b48a7ede,5106886644,37:57.0,20035396,KU04 GR - XL,62466578,AHAAKRTI62466578,1,XL,KU04 GR,AA-HA!!,AA-HA Women Green Embellished Kurta,Kurtas,SH,7773927044,1385583059,flipkartlogistics,MYSC1053782733,29954,,,56:10.0,,25:06.0,31:02.0,,,,,,799,999,200,0,0,0,0,Vijayawada,AP,521151
18500,29954,'125747849396753165001,7765153297,9765131058,de2046ac-dd5c-4230-b3ec-32bbd391e1d4,5101973155,18:43.0,20755018,Pal1243_Rblue_XL,65019352,AHAAKASS65019352,1,XL,Pal1243_Rblue,AA-HA!!,AA-HA!! Women Blue Kurta with Trousers  Dupatta,Kurta Sets,C,7765153297,1382285958,flipkartlogistics,MYSP1063652386,29954,,,49:34.0,,56:25.0,03:08.0,18:29.0,,,,1/21/2024 23:39,1146,4999,3650,203,0,0,0,Mumbai,MH,400068
18500,29954,'125739368944821795103,7763808603,9763786364,22c10a65-ca93-479f-af48-861b92b0be3a,5101292169,45:17.0,21131916,RajaRani_NBL.,66334050,AHAASARS66334050,1,Onesize,RajaRani_NBL.,AA-HA!!,AA-HA Ethnic Motifs Zari Silk Cotton Patola Saree,Sarees,C,7763808603,1381805989,flipkartlogistics,MYSP1063217880,29954,,,43:47.0,,47:01.0,53:49.0,40:45.0,,,,,2699,17999,15300,0,0,0,0,Mumbai,MH,401107
18500,29954,'125669052949818693903,7753715787,9753693534,8ec1c5ad-a30b-4bcc-a398-ebc8cd23cc7a,5096017309,25:57.0,26416746,S_Prit_Red,85356194,AHAASARS85356194,1,Onesize,S_Prit_Red,AA-HA!!,AA-HA!! Ethnic Zari Woven Design Designer Paithani Saree,Sarees,C,7753715787,1378336510,flipkartlogistics,MYSC1049292428,29954,,,12:47.0,,19:46.0,25:24.0,23:52.0,,,,1/20/2024 17:02,8500,8500,0,0,0,0,0,Chirawa,RJ,333026
18500,29954,'125702476922465113101,7758155990,9758133743,365944ce-75fb-4a07-b480-4907455ec8fb,5098368496,16:37.0,21131848,D325_Hot Pink.,66333982,AHAASARS66333982,1,Onesize,D325_Hot Pink.,AA-HA!!,AA-HA Ethnic Motifs Zari Paithani Saree,Sarees,C,7758155990,1380494889,flipkartlogistics,MYSC1050620623,29954,,,34:27.0,,19:21.0,25:37.0,03:12.0,,,,1/20/2024 16:14,1301,6199,4898,0,0,0,0,Mumbai,MH,400069
18500,29954,'125849063114968497601,7776009632,9775987518,6de1a231-25d8-47d2-9849-beeaab0c4db4,5108071038,27:39.0,21131858,Marigold_Grey.,66333992,AHAASARS66333992,1,Onesize,Marigold_Grey.,AA-HA!!,AA-HA Ethnic Motifs Zari Silk Cotton Banarasi Saree,Sarees,F,,,flipkartlogistics,,29954,42,Product not required anymore,,,,,,38:43.0,,,,1699,19999,18000,300,0,0,0,Kolhapur,MH,416009
18500,29954,'125687038065279967803,7755745647,9755723399,0c90ecb2-1ea5-4d59-bb8b-e5fca62ece20,5097146786,23:29.0,21131890,Plehriya_Red.,66334024,AHAASARS66334024,1,Onesize,Plehriya_Red.,AA-HA!!,AA-HA Sequinned Printed Leheriya Saree,Sarees,C,7755745647,1379008360,flipkartlogistics,MYSC1049748634,29954,,,51:43.0,,33:14.0,40:12.0,36:00.0,,,,1/18/2024 18:40,1253,6599,5346,0,0,0,0,Bhubaneswar,OR,751024
18500,29954,'125638576564281092203,7749510617,9749488355,c6a4ee50-37a2-4874-93d6-a507a0281dd5,5093698237,46:35.0,22062266,N_YS31_Red,69777012,AHAASARS69777012,1,Onesize,N_YS31_Red,AA-HA!!,AA-HA!! Ethnic Motifs Woven Design Zari Pure Silk Saree,Sarees,C,7749510617,1376687516,flipkartlogistics,MYSC1048308708,29954,,,05:51.0,,34:28.0,40:41.0,47:05.0,,,,,782,2899,2117,0,0,0,0,Thane,MH,400614
18500,29954,'125816328473684327003,7772806070,9772783916,88859385-d904-473d-81f4-21fd23d01837,5106266096,31:53.0,24361736,Sakshi_Wine,78153948,DIVISARS78153948,1,Pack,Sakshi_Wine,DIVASTRI,DIVASTRI Woven Design Zari Paithani Saree,Sarees,C,7772806070,1384922787,flipkartlogistics,MYSP1066044823,29954,,,45:24.0,,01:56.0,07:47.0,33:56.0,,,,,1065,3675,2610,0,0,0,0,Belgaum,KA,590006
18500,29954,'125621627554780199301,7747328150,9747305886,3bb171d9-78ac-44ca-af16-dab799fb5e97,5092492623,41:43.0,21131914,D325_Red.,66334048,AHAASARS66334048,1,Onesize,D325_Red.,AA-HA!!,AA-HA Ethnic Motifs Zari Paithani Saree,Sarees,C,7747328150,1375886514,flipkartlogistics,MYSP1057931022,29954,,,51:47.0,,22:46.0,29:14.0,27:40.0,,,,,1177,6199,5022,0,0,0,0,Visakhapatnam,AP,530003
18500,29954,'125660903580340618001,7752781443,9752759189,2b5d7368-1f81-4b68-81da-c56aac58b294,5095494551,47:44.0,21131884,Marvel 3_Pink.,66334018,AHAASARS66334018,1,Onesize,Marvel 3_Pink.,AA-HA!!,AA-HA Ethnic Motifs Zari Organza Bandhani Saree,Sarees,C,7752781443,1377956913,flipkartlogistics,MYSP1059760692,29954,,,00:15.0,,03:03.0,10:18.0,09:32.0,,,,,1229,8199,6970,0,0,0,0,Kolkata,WB,700124
18500,29954,'125674146076150518103,7754191846,9754169593,64667c38-af48-4a0d-bd58-66b24e3f0474,5096273548,34:49.0,25334354,Suraj Mukhi_Yellow,81658000,DIVISARS81658000,1,Pack,Suraj Mukhi_Yellow,DIVASTRI,DIVASTRI Ethnic Motifs Woven Design Zari Paithani Saree,Sarees,C,7754191846,1378433981,flipkartlogistics,MYSP1060241696,29954,,,46:45.0,,26:06.0,31:18.0,03:36.0,,,,,1839,4599,2760,0,0,0,0,Bengaluru,KA,560067
18500,29954,'125744768805405278303,7764427789,9764405550,d7a2e1fa-3f7a-4693-b425-7f15664479cd,5101597377,45:16.0,22062246,N_YS31_RBlue,69776992,AHAASARS69776992,1,Onesize,N_YS31_RBlue,AA-HA!!,AA-HA!! Ethnic Motifs Woven Design Zari Pure Silk Saree,Sarees,F,,,flipkartlogistics,,29954,45,Wants to change style/color,,,,,,45:11.0,,,,1147,2899,1624,128,0,0,0,Lucknow,UP,226201
18500,29954,'125713033834083615503,7760036500,9760014257,7e4bbf44-21ca-4a88-841d-b8e30eb32d62,5099317840,36:07.0,22062268,N_Radha_Rama,69777014,AHAASARS69777014,1,Onesize,N_Radha_Rama,AA-HA!!,AA-HA!! Ethnic Motifs Woven Design Zari Pure Silk Saree,Sarees,C,7760036500,1380489092,flipkartlogistics,MYSP1061984470,29954,,,26:48.0,,19:36.0,24:49.0,40:15.0,,,,1/20/2024 13:11,898,2899,2001,0,0,0,0,Indore,MP,452001
18500,29954,'125674101062964973401,7754186006,9754163753,64dd2e3f-6291-4d07-a513-d900cb6bd424,5096270367,27:19.0,23282426,S_SD137 red,74181910,DIVISARS74181910,1,Onesize,S_SD137 red,DIVASTRI,DIVASTRI Ethnic Motifs Woven Design Zari Silk Cotton Banarasi Saree,Sarees,C,7754186006,1378433978,flipkartlogistics,MYSP1060241244,29954,,,46:31.0,,29:14.0,36:23.0,27:33.0,,,,01-12-2024 17:42,848,4991,4143,0,0,0,0,Surat,GJ,395017
18500,29954,'125712273420148258201,7759844629,9759822386,bf7d81fe-5f73-4c66-a5f6-64132201774b,5099224762,29:22.0,21131976,Print_Beige Black.,66334110,AHAASARS66334110,1,Onesize,Print_Beige Black.,AA-HA!!,AA-HA Floral Zari Silk Cotton Bhagalpuri Saree,Sarees,C,7759844629,1380494887,flipkartlogistics,MYSP1061988126,29954,,,30:56.0,,19:02.0,24:48.0,57:22.0,,,,,1599,9999,8400,0,0,0,0,Mohali,PB,160104
18500,29954,'125762512405056374801,7766877905,9766855675,981eb075-8bfe-4f8b-b537-0eb03ab52991,5102896686,02:32.0,23282426,S_SD137 red,74181910,DIVISARS74181910,1,Onesize,S_SD137 red,DIVASTRI,DIVASTRI Ethnic Motifs Woven Design Zari Silk Cotton Banarasi Saree,Sarees,C,7766877905,1383457011,flipkartlogistics,MYSP1064705499,29954,,,58:21.0,,39:41.0,45:22.0,27:13.0,,,,,948,4991,4043,0,0,0,0,Rajahmundry,AP,533101
18500,29954,'125847709822471205501,7775829237,9775807123,736f85b4-2543-4462-9931-1953724e8145,5107963110,42:06.0,24361778,Sanvi_Pink,78153990,DIVISARS78153990,1,Pack,Sanvi_Pink,DIVASTRI,DIVASTRI Geometric Woven Design Zari Paithani Saree,Sarees,SH,7775829237,1386203374,flipkartlogistics,MYSP1067268907,29954,,,46:32.0,,27:35.0,33:42.0,,,,,,1062.5,3937.5,2875,0,0,0,0,Kolkata,WB,700040
18500,29954,'125673660863744032503,7754138500,9754116247,8970c3fa-8d60-4347-bd28-02552d6354d0,5096244303,13:57.0,21131862,D198_Hot Pink.,66333996,AHAASARS66333996,1,Onesize,D198_Hot Pink.,AA-HA!!,AA-HA Woven Design Zari Paithani Saree,Sarees,C,7754138500,1378376862,flipkartlogistics,MYSC1049313658,29954,,,59:10.0,,57:26.0,03:28.0,40:17.0,,,,1/18/2024 14:11,1115,6199,5084,0,0,0,0,Allahabad,UP,212503
18500,29954,'125674908374460072901,7754306779,9754284526,0931cc3a-7c17-4f42-83f6-a909d08d434a,5096337620,41:52.0,24361744,Sanskriti_Red,78153956,DIVISARS78153956,1,Pack,Sanskriti_Red,DIVASTRI,DIVASTRI Ethnic Motifs Woven Design Zari Paithani Saree,Sarees,C,7754306779,1378671116,flipkartlogistics,MYSC1049520408,29954,,,44:50.0,,36:08.0,42:21.0,01:10.0,,,,1/16/2024 22:23,992,3675,2683,0,0,0,0,Mumbai,MH,421503
18500,29954,'125677259181181098703,7754653178,9754630926,2d0aab62-64da-4e68-a6fc-b38391f570be,5096542346,13:40.0,25316686,Sakshi Pur,81598740,DIVISARS81598740,1,Pack,Sakshi Pur,DIVASTRI,DIVASTRI Ethnic Motifs Woven Design Zari Detailed Paithani Saree,Sarees,C,7754653178,1378671118,flipkartlogistics,MYSP1060462806,29954,,,45:03.0,,36:18.0,41:29.0,03:52.0,,,,1/14/2024 22:33,996,3435,2439,0,0,0,0,Mumbai,MH,400022
18500,29954,'125738957605189843001,7763697384,9763675145,df577e28-6911-4c2e-9060-5e20f168ba08,5101240524,36:45.0,22062264,N_YS31_BGreen,69777010,AHAASARS69777010,1,Onesize,N_YS31_BGreen,AA-HA!!,AA-HA!! Ethnic Motifs Woven Design Zari Pure Silk Saree,Sarees,C,7763697384,1381805988,flipkartlogistics,MYSP1063218746,29954,,,46:11.0,,48:44.0,53:54.0,15:37.0,,,,,898,2899,2001,135,0,0,0,Bhopal,MP,462023
18500,29954,'125704637332276352503,7758679758,9758657511,e5cf9b2c-1039-464a-be7f-8d70f2753160,5098636616,16:41.0,23282294,Kyara_Red,74181778,DIVISARS74181778,1,Onesize,Kyara_Red,DIVASTRI,DIVASTRI Ethnic Motifs Zari Silk Cotton Banarasi Saree,Sarees,C,7758679758,1380494882,flipkartlogistics,MYSP1061990053,29954,,,33:25.0,,18:57.0,25:34.0,25:17.0,,,,1/23/2024 21:06,1104,6900,5796,0,0,0,0,Chakradharpur,JH,833102
18500,29954,'125605890400388226803,7745198352,9745176086,dd4d818b-ef90-497d-8907-e57c0cbfab0d,5091340832,58:53.0,23461554,DVS Flower Patola PBlue,74837698,DIVISARS74837698,1,Onesize,DVS Flower Patola PBlue,DIVASTRI,DIVASTRI Floral Woven Design Zari Silk Cotton Banarasi Saree,Sarees,C,7745198352,1375462364,ML,ML1545477539,29954,,,55:37.0,19:37.0,10:39.0,18:37.0,53:25.0,,,,01-07-2024 00:04,1199,7495,6296,0,0,0,0,Hyderabad,TG,500008
18500,29954,'125753174110024599203,7765680341,9765658102,85a5d065-f453-4dd7-924c-00ab4b018eb1,5102239142,06:10.0,23282382,S_ABHA RED BLACK,74181866,DIVISARS74181866,1,Onesize,S_ABHA RED BLACK,DIVASTRI,DIVASTRI Ethnic Motifs Woven Design Zari Silk Cotton Banarasi Saree,Sarees,C,7765680341,1382700602,flipkartlogistics,MYSC1051983848,29954,,,06:08.0,,16:18.0,22:12.0,00:50.0,,,,,869,4346,3390,87,0,0,0,Faridabad,HR,121009
18500,29954,'125626601790483797003,7748202456,9748180193,1f4677ed-b040-4abe-bb76-2aa8431a2d6f,5092980984,30:46.0,24361744,Sanskriti_Red,78153956,DIVISARS78153956,1,Pack,Sanskriti_Red,DIVASTRI,DIVASTRI Ethnic Motifs Woven Design Zari Paithani Saree,Sarees,C,7748202456,1376310488,flipkartlogistics,MYSC1048065667,29954,,,54:49.0,,32:45.0,38:46.0,12:10.0,,,,01-09-2024 15:41,992,3675,2683,0,0,0,0,Betul,MP,460661
18500,29954,'125667865428679663801,7753527023,9753504770,59265a49-b29c-437b-a4e5-b8c32022fa09,5095906824,08:03.0,24361740,Sanvi_Blue,78153952,DIVISARS78153952,1,Pack,Sanvi_Blue,DIVASTRI,DIVASTRI Woven Design Zari Paithani Saree,Sarees,C,7753527023,1378335057,flipkartlogistics,MYSP1060118233,29954,,,10:33.0,,57:31.0,03:26.0,05:35.0,,,,,983.5,3937.5,2954,0,0,0,0,Mapusa,GA,403507
18500,29954,'125650991808269926401,7751358849,9751336593,1e30fc05-4210-4a4a-be97-966dccf7b39a,5094719021,15:46.0,23282448,Kyara_Black,74181932,DIVISARS74181932,1,Onesize,Kyara_Black,DIVASTRI,DIVASTRI Ethnic Motifs Woven Design Zari Silk Cotton Banarasi Saree,Sarees,C,7751358849,1377487295,DE,1.32E+11,29954,,,51:03.0,23:26.0,49:03.0,08:18.0,05:45.0,,,,,966,6900,5934,0,0,0,0,Nagaon,AS,782142
18500,29954,'125834801608929686801,7774746087,9774723966,2d183f88-3d58-46ff-aee4-031d80d17406,5107342481,50:44.0,24361736,Sakshi_Wine,78153948,DIVISARS78153948,1,Pack,Sakshi_Wine,DIVASTRI,DIVASTRI Woven Design Zari Paithani Saree,Sarees,F,,,DE,,29954,44,Ordered By Mistake,,,,,,02:53.0,,,,1065,3675,2610,0,0,0,0,Pernem,GA,403512
18500,29954,'125858777719051484803,7777056196,9777034100,43421bd8-7188-424f-ab36-4ca91f85ae45,5108669578,26:45.0,25316736,Sakshi Red,81598794,DIVISARS81598794,1,Pack,Sakshi Red,DIVASTRI,DIVASTRI Ethnic Motifs Woven Design Zari Paithani Saree,Sarees,F,7777056196,1386519538,flipkartlogistics,MYSC1054400263,29954,27,Delayed Delivery Cancellation,57:09.0,,00:27.0,06:15.0,,11:57.0,,,,1064,3435,2371,0,0,0,0,Kamothe,MH,410210
18500,29954,'125849239752885759101,7776033093,9776010979,1234a3eb-ced3-46b7-bc4b-5954c8e35ea0,5108085363,57:05.0,21131896,Marvel 3_Sky.,66334030,AHAASARS66334030,1,Onesize,Marvel 3_Sky.,AA-HA!!,AA-HA Ethnic Motifs Zari Organza Bandhani Saree,Sarees,F,,,flipkartlogistics,,29954,44,Ordered By Mistake,,,,,,03:40.0,,,,1393,8199,6806,0,0,0,0,Jalandhar,PB,144002
18500,29954,'125648283206528669903,7750835915,9750813657,8a86f0dc-7133-4721-9db9-93b479b9133b,5094426261,44:21.0,25334506,Meghini_Mehendi,81658152,DIVISARS81658152,1,Pack,Meghini_Mehendi,DIVASTRI,DIVASTRI Floral Printed Kota Saree,Sarees,C,7750835915,1377487292,flipkartlogistics,MYSP1059319986,29954,,,52:23.0,,22:55.0,29:10.0,06:17.0,,,,1/15/2024 20:00,719,1999,1280,0,0,0,0,Chandigarh,CH,160001
18500,29954,'125684000216441706501,7755318498,9755296249,489506f7-a1a1-4295-826b-1cc7a4c093d3,5096902205,57:10.0,23282460,Shilpaa Bgreen,74181944,DIVISARS74181944,1,Onesize,Shilpaa Bgreen,DIVASTRI,DIVASTRI Woven Design Zari Silk Cotton Banarasi Saree,Sarees,C,7755318498,1379005480,flipkartlogistics,MYSP1060781612,29954,,,45:41.0,,37:32.0,43:35.0,38:02.0,,,,,1040,6500,5460,0,0,0,0,Pune,MH,411017
18500,29954,'125618577985488845303,7747179572,9747157308,b102fdb0-75f1-4482-bc4e-910daf366426,5092418135,13:29.0,20035420,KUPT04 NBL -M,62466682,AHAAKASS62466682,1,M,KUPT04 NBL,AA-HA!!,AA-HA Women Printed Kurti with Trousers,Kurta Sets,C,7747179572,1375884653,flipkartlogistics,MYSP1057931680,29954,,,49:46.0,,21:46.0,28:00.0,02:58.0,,,,01-12-2024 09:04,959,1199,240,0,0,0,0,Bangalore,KA,560099
18500,29954,'125730138477037747501,7762429646,9762407406,dbdcf117-da55-4dfa-b6a1-d9f23e95aa50,5100565297,06:54.0,23282446,Kyara_Maroon,74181930,DIVISARS74181930,1,Onesize,Kyara_Maroon,DIVASTRI,DIVASTRI Ethnic Motifs Woven Design Zari Silk Cotton Banarasi Saree,Sarees,F,,,flipkartlogistics,,29954,44,Ordered By Mistake,,,,,,10:00.0,,,,1173,6900,5727,0,0,0,0,Thalassery,KL,670673
18500,29954,'125598898753694788301,7744458869,9744436601,7860b62e-ae83-4877-bc64-a8250c3986ca,5090944691,33:35.0,25334488,Yukti_Pink,81658134,DIVISARS81658134,1,Pack,Yukti_Pink,DIVASTRI,DIVASTRI Ethnic Motifs Woven Design Zari Silk Blend Paithani Saree,Sarees,C,7744458869,1375041500,ML,ML1545227729,29954,,,01:41.0,49:40.0,26:42.0,50:58.0,13:56.0,,,,,1109,2999,1890,0,0,0,0,Mumbai,MH,400092
18500,29954,'125652526715170680601,7751706174,9751683919,a919a099-8e07-4762-bf04-8385df8d0317,5094905803,31:36.0,24361760,Sanskriti_PBlue,78153972,DIVISARS78153972,1,Pack,Sanskriti_PBlue,DIVASTRI,DIVASTRI Geometric Woven Design Zari Paithani Saree,Sarees,C,7751706174,1377484807,flipkartlogistics,MYSP1059318452,29954,,,46:53.0,,23:32.0,30:33.0,51:58.0,,,,01-10-2024 22:27,882,3675,2793,0,0,0,0,Mumbai,MH,400069
18500,29954,'125669667448039598803,7753822338,9753800085,c39fc75e-073a-47b4-a071-039efda7979f,5096079771,08:23.0,23461554,DVS Flower Patola PBlue,74837698,DIVISARS74837698,1,Onesize,DVS Flower Patola PBlue,DIVASTRI,DIVASTRI Floral Woven Design Zari Silk Cotton Banarasi Saree,Sarees,F,,,flipkartlogistics,,29954,42,Product not required anymore,,,,,,10:27.0,,,,1199,7495,6296,111,0,0,0,Kurnool,AP,518003
18500,29954,'125661102490356896101,7752825261,9752803007,021e786b-2942-4a66-9a38-a0909b74cb71,5095518263,20:53.0,23282406,SD33_Rama,74181890,DIVISARS74181890,1,Onesize,SD33_Rama,DIVASTRI,DIVASTRI Ethnic Motifs Zari Silk Cotton Banarasi Saree,Sarees,C,7752825261,1377956912,flipkartlogistics,MYSP1059760660,29954,,,00:48.0,,13:05.0,19:53.0,24:06.0,,,,,924,3696,2772,0,0,0,0,Allahabad,UP,211001
18500,29954,'125747098512207537903,7764924263,9764902025,7aae91df-fe4c-4f22-ad4d-62a95be45f2b,5101862862,13:33.0,25334360,Meghini_Green,81658006,DIVISARS81658006,1,Pack,Meghini_Green,DIVASTRI,DIVASTRI Ethnic Motifs Kota Saree,Sarees,F,,,flipkartlogistics,,29954,44,Ordered By Mistake,,,,,,17:49.0,,,,819,1999,1180,0,0,0,0,Wagholi,MH,412207
18500,29954,'125734247121882286001,7762809011,9762786771,43a66c02-e7eb-4541-9459-cc639683bdc2,5100749149,31:39.0,23231234,S_SD33 Rama,73991086,DIVISARS73991086,1,Onesize,S_SD33 Rama,DIVASTRI,DIVASTRI Floral Woven Design Zari Banarasi Saree,Sarees,C,7762809011,1381407044,flipkartlogistics,MYSC1051171544,29954,,,49:08.0,,18:19.0,24:03.0,49:39.0,,,,1/26/2024 8:52,848,4991,4143,0,0,0,0,Azamgarh,UP,276129
18500,29954,'125623542420872453503,7747642580,9747620316,5d622a59-0d26-4dc6-835b-7b2fbf970991,5092662325,00:53.0,22062244,N_Gopi_Blue,69776990,AHAASARS69776990,1,Onesize,N_Gopi_Blue,AA-HA!!,AA-HA!! Ethnic Motifs Woven Design Zari Pure Silk Saree,Sarees,C,7747642580,1376310489,flipkartlogistics,MYSC1048066816,29954,,,54:15.0,,31:16.0,37:44.0,55:11.0,,,,1/15/2024 17:05,782,2899,2117,0,0,0,0,Nagpur,MH,440025
18500,29954,'125661321683951324701,7752875569,9752853315,883c0f50-814e-427b-abdf-774b70c1e2d2,5095544449,57:25.0,25334474,Heena_Red,81658120,DIVISARS81658120,1,Pack,Heena_Red,DIVASTRI,DIVASTRI Floral Woven Design Zari Banarasi Saree,Sarees,C,7752875569,1377955346,flipkartlogistics,MYSP1059758354,29954,,,57:40.0,,03:19.0,10:06.0,29:17.0,,,,,1519,3999,2480,0,0,0,0,Mumbai,MH,400089
18500,29954,'125730990622375848701,7762615985,9762593745,6eb3fcb2-b0cb-44cd-9504-72aa11bf8ec8,5100656770,28:54.0,25334296,Jasmine_Pink,81657942,DIVISARS81657942,1,Pack,Jasmine_Pink,DIVASTRI,DIVASTRI Ethnic Motifs Woven Design Zari Paithani Saree,Sarees,C,7762615985,1381365600,flipkartlogistics,MYSP1062795771,29954,,,56:39.0,,14:03.0,21:48.0,31:54.0,,,,1/25/2024 10:52,989,2999,2010,0,0,0,0,Boisar,MH,401501
18500,29954,'125857031386667151801,7776817757,9776795660,d4a31e7d-a338-4096-9d8d-8bdfdaf95ba1,5108527596,35:44.0,23282586,S_P14 Nblue,74182070,DIVISARS74182070,1,Onesize,S_P14 Nblue,DIVASTRI,DIVASTRI Floral Woven Design Zari Silk Cotton Paithani Saree,Sarees,SH,7776817757,1386520760,flipkartlogistics,MYSP1067561619,29954,,,00:27.0,,40:01.0,45:38.0,,,,,,1448,6584,5136,0,0,0,0,Patiala,PB,147001
18500,29954,'125600888707480541701,7744754270,9744732002,963cd4f4-4355-4f69-9512-bdda88a0ecc7,5091116408,05:16.0,21131878,D325_Jamun.,66334012,AHAASARS66334012,1,Onesize,D325_Jamun.,AA-HA!!,AA-HA Ethnic Motifs Zari Paithani Saree,Sarees,C,7744754270,1375045494,flipkartlogistics,MYSP1057303721,29954,,,06:09.0,,12:31.0,17:58.0,56:56.0,,,,,1177,6199,5022,0,0,0,0,Ongole,AP,523001
18500,29954,'125625371834254514501,7747934848,9747912585,8c953ebe-eae4-4342-80bd-1bcf1133dab4,5092832228,05:47.0,21131920,D198_Blue.,66334054,AHAASARS66334054,1,Onesize,D198_Blue.,AA-HA!!,AA-HA Woven Design Paithani Saree,Sarees,F,7747934848,1376314988,flipkartlogistics,MYSP1058270254,29954,34,Wants to change style/color,58:23.0,,32:25.0,37:09.0,,41:39.0,,,,1177,6199,5022,0,0,0,0,Kolkata,WB,700051
18500,29954,'125823555253214583503,7773469840,9773447702,bfea8287-01ca-4c22-ba98-5761469bfac7,5106637124,36:21.0,25753718,MARVEL14-PINK,83188248,DIVISARS83188248,1,Onesize,MARVEL_14-PINK,DIVASTRI,DIVASTRI Ethnic Motifs Woven Design Zari Organza Banarasi Saree,Sarees,SH,7773469840,1385583061,flipkartlogistics,MYSC1053782060,29954,,,56:34.0,,31:05.0,37:18.0,,,,,,1619,2999,1380,0,0,0,0,Kurud,CT,493663
18500,29954,'125753207527727605801,7765685245,9765663006,635a4349-a2ed-432a-b71c-3b673b984fc3,5102242047,11:43.0,24361766,Sanskriti_NBlue,78153978,DIVISARS78153978,1,Pack,Sanskriti_NBlue,DIVASTRI,DIVASTRI Geometric Woven Design Zari Paithani Saree,Sarees,C,7765685245,1382700597,flipkartlogistics,MYSC1051983601,29954,,,05:24.0,,20:39.0,27:42.0,06:38.0,,,,,1065,3675,2610,0,0,0,0,Kendrapara,OR,754228
18500,29954,'125703994247754923601,7758489545,9758467298,22dc1553-3188-4bc9-b50b-196f5193d0aa,5098546262,29:30.0,22062264,N_YS31_BGreen,69777010,AHAASARS69777010,1,Onesize,N_YS31_BGreen,AA-HA!!,AA-HA!! Ethnic Motifs Woven Design Zari Pure Silk Saree,Sarees,F,7758489545,1380494885,flipkartlogistics,MYSC1050618469,29954,31,Cash Issue,33:04.0,,42:37.0,29:04.0,,39:15.0,,,,898,2899,2001,200,0,0,0,Arrah,BR,802301
18500,29954,'125600219203525373401,7744640334,9744618066,457d7f2f-1cc6-405b-b63a-ab2a19084b5f,5091053081,13:41.0,23282288,NS Buttii_Rama.,74181772,DIVISARS74181772,1,Onesize,NS Buttii_Rama.,DIVASTRI,DIVASTRI Floral Woven Design Zari Silk Cotton Banarasi Saree,Sarees,C,7744640334,1375043003,flipkartlogistics,MYSP1057301837,29954,,,03:37.0,,23:46.0,29:33.0,13:27.0,,,,,998,4991,3993,0,0,0,0,Guwahati,AS,781034
18500,29954,'125615103431255958901,7746482048,9746459784,73f8abe3-4882-48a8-8efb-69e385226683,5092046245,34:22.0,24361744,Sanskriti_Red,78153956,DIVISARS78153956,1,Pack,Sanskriti_Red,DIVASTRI,DIVASTRI Ethnic Motifs Woven Design Zari Paithani Saree,Sarees,C,7746482048,1375886511,flipkartlogistics,MYSC1047809080,29954,,,52:02.0,,24:36.0,31:13.0,18:29.0,,,,01-10-2024 14:48,992,3675,2683,0,0,0,0,Angul,OR,759123
18500,29954,'125681988734169854601,7755086818,9755064568,0bba9bda-2692-4782-b55b-97920eef6fc4,5096775474,21:56.0,24361762,Sanskriti_Pink,78153974,DIVISARS78153974,1,Pack,Sanskriti_Pink,DIVASTRI,DIVASTRI Geometric Woven Design Zari Paithani Saree,Sarees,C,7755086818,1378671115,flipkartlogistics,MYSP1060464133,29954,,,44:36.0,,35:41.0,40:31.0,10:50.0,,,,1/24/2024 12:21,882,3675,2793,0,0,0,0,Pune,MH,411033
18500,29954,'125617815698020516401,7746999132,9746976868,2269e2ae-e318-4140-9923-51836bc8ced9,5092329792,06:25.0,21131864,D198_Black.,66333998,AHAASARS66333998,1,Onesize,D198_Black.,AA-HA!!,AA-HA Woven Design Paithani Saree,Sarees,C,7746999132,1375884654,flipkartlogistics,MYSC1047809363,29954,,,48:58.0,,22:13.0,28:01.0,13:18.0,,,,,1115,6199,5084,0,0,0,0,Bangalore,KA,560068
18500,29954,'125673660863744032503,7754138504,9754116251,bcc719e1-c2ae-421f-8782-4041983483c4,5096244303,13:57.0,21131862,D198_Hot Pink.,66333996,AHAASARS66333996,1,Onesize,D198_Hot Pink.,AA-HA!!,AA-HA Woven Design Zari Paithani Saree,Sarees,RTO,7754138504,1378380859,flipkartlogistics,MYSC1049316485,29954,37,RTO Cancellation,02:33.0,,57:46.0,04:47.0,,50:19.0,1/16/2024 15:50,,,1115,6199,5084,0,0,0,0,Allahabad,UP,212503
18500,29954,'125755082206831387003,7765963257,9765941019,6940431f-b7c6-499d-9f42-0790bf61a85c,5102407940,24:11.0,25316732,MorPat Grey,81598790,DIVISARS81598790,1,Pack,MorPat Grey,DIVASTRI,DIVASTRI Ethnic Motifs Printed Zari Patola Saree,Sarees,C,7765963257,1382698861,flipkartlogistics,MYSP1064042849,29954,,,03:47.0,,16:59.0,23:43.0,00:33.0,,,,,929,4969,3876,164,0,0,0,Mumbai,MH,400056
18500,29954,'125625371834254514501,7747934845,9747912581,109a2e0f-8f10-4f00-a67c-5804b2190ebe,5092832228,05:47.0,21131848,D325_Hot Pink.,66333982,AHAASARS66333982,1,Onesize,D325_Hot Pink.,AA-HA!!,AA-HA Ethnic Motifs Zari Paithani Saree,Sarees,C,7747934845,1376313714,flipkartlogistics,MYSP1058271131,29954,,,58:03.0,,19:04.0,24:13.0,59:49.0,,,,,1115,6199,5084,0,0,0,0,Kolkata,WB,700051
18500,29954,'125771628583362750603,7768090631,9768068411,46993592-9bc8-4783-a8ed-b2c18c66a04f,5103532036,21:54.0,22062260,N_Radha_Wine,69777006,AHAASARS69777006,1,Onesize,N_Radha_Wine,AA-HA!!,AA-HA!! Ethnic Motifs Woven Design Zari Pure Silk Saree,Sarees,C,7768090631,1383457012,flipkartlogistics,MYSP1064705488,29954,,,58:41.0,,38:50.0,45:18.0,47:30.0,,,,,1043,2899,1856,167,0,0,0,Sonbhadra,UP,231222
18500,29954,'125638576564281092203,7749510611,9749488349,83fe6c74-fcea-47fc-8e38-1a74272b9cc8,5093698237,46:35.0,22062264,N_YS31_BGreen,69777010,AHAASARS69777010,1,Onesize,N_YS31_BGreen,AA-HA!!,AA-HA!! Ethnic Motifs Woven Design Zari Pure Silk Saree,Sarees,C,7749510611,1376684443,flipkartlogistics,MYSC1048308479,29954,,,05:15.0,,42:47.0,49:40.0,46:56.0,,,,,782,2899,2117,0,0,0,0,Thane,MH,400614
18500,29954,'125755297477479068703,7765998753,9765976515,96707a2f-2f9a-4e83-8e7f-5a05b8cf7076,5102429010,00:03.0,22062284,N_Punam 1_Wine,69777030,AHAASARS69777030,1,Onesize,N_Punam 1_Wine,AA-HA!!,AA-HA!! Ethnic Motifs Zari Pure Silk Saree,Sarees,C,7765998753,1382700601,flipkartlogistics,MYSC1051982933,29954,,,05:41.0,,21:33.0,28:23.0,27:27.0,,,,,1043,2899,1856,200,0,0,0,Mukundapuram,KL,680309
